incident_name,Date ,Acres,Longitude,Latitude
Lincoln Fire,2020-07-27T18:50:25Z,25,-124.19954,40.78804
Shore Fire,2017-06-26T21:30:00Z,28,-124.19629,41.93323
Horse Fire,2015-08-18T18:30:00Z,146,-124.0720419,40.1058823
Stafford Fire,2016-08-11T14:57:00Z,23,-124.05804,40.4572
Hole Fire,2017-09-12T12:45:00Z,40,-124.01168,41.98128
Green Hill Fire,2018-11-12T17:39:00Z,10,-124.001849,40.888785
Blue Fire,2017-10-08T16:40:00Z,20,-123.96844,40.88516
Chetco Fire,2017-07-12T13:45:00Z,191125,-123.95405,42.29896
Ranch Fire,2022-08-29T07:53:00Z,26,-123.9477,41.4626
McCovey Fire,2022-08-29T19:53:00Z,25,-123.9277,41.4672
Redwood Fire,2020-10-23T13:52:08Z,102,-123.88658,40.55823
Smith River Complex,2023-08-15T07:00:00Z,,-123.868447,41.958269
Johnson Fire,2018-07-15T16:14:00Z,16,-123.85404,41.34453
Usal Fire,2019-07-27T23:36:00Z,130,-123.846013,39.831762
Bald Fire,2015-06-10T07:42:00Z,20,-123.8292,41.1513
Tully Fire,2016-08-22T16:03:00Z,599,-123.82268,41.28486
Queen Fire,2015-07-24T23:00:00Z,158,-123.784067,41.295667
Summit Fire,2016-08-12T17:23:00Z,21,-123.77832,40.9878
Buck Fire,2015-07-28T17:19:00Z,16,-123.774,40.1093
Red Fire,2014-01-04T12:00:00Z,333,-123.773779,40.884415
Saw Fire,2017-08-03T11:58:00Z,85,-123.76099,40.11794
Bald Hill 3 Fire,2014-09-12T15:00:00Z,210,-123.753,41.134
Milepost 21 Fire,2020-07-20T15:44:53Z,100,-123.6986222,41.1849445
Mill Creek 1 Fire,2018-08-16T09:18:00Z,3674,-123.688056,41.07944
Young Fire,2017-08-07T17:45:00Z,3142,-123.676,41.853
Pilot Fire,2019-01-01T14:14:00Z,30,-123.6755556,40.61805556
Knob Fire,2021-08-29T08:00:00Z,2421,-123.6744,40.8652
Owens Fire,2022-05-20T15:10:00Z,36,-123.6641833,38.8733747
South Fork Complex,2023-08-15T08:00:00Z,,-123.662677,40.623606
Bluff Fire,2021-05-21T06:55:59Z,25,-123.66003,41.23106
Blocksburg Fire,2017-08-03T16:41:00Z,30,-123.64281,40.27582
Miller Fire,2017-08-31T13:57:00Z,34,-123.64214,40.03697
Bear Fire ,2020-02-15T17:48:27Z,15,-123.6378411,40.511092
Translator Fire,2017-08-28T08:01:00Z,40,-123.63721,41.02705
Bell Fire,2021-08-14T00:00:00Z,50,-123.637032,39.834099
SRF Lightning Complex,2023-08-20T11:16:48Z,,-123.611167,41.017222
Bell Fire,2022-07-17T16:36:27Z,43,-123.598273,39.90557
Six Rivers (SRF) Lightning Complex,2022-08-05T21:44:29Z,,-123.5862017,40.9269568
Sway Fire,2017-08-01T10:23:00Z,19,-123.57562,40.39799
Pony Fire,2016-06-07T02:45:00Z,2860,-123.557,41.623
Grape Fire,2018-04-24T16:59:00Z,0,-123.55012,40.70258
Natchez Fire,2018-07-15T18:30:00Z,38134,-123.54642,41.95113
K-Rail,2021-08-30T13:30:00Z,16,-123.52733,41.03877
Kerlin Fire,2018-09-04T15:20:00Z,1751,-123.52019,40.616251
River Fire,2017-10-14T16:00:00Z,148,-123.51619,40.46836
Clear Complex (merged into Eclipse Complex),2017-07-25T12:45:00Z,0,-123.508,41.702
Marble Fire,2017-07-19T14:00:00Z,319,-123.506,41.478
Mountain Fire,2021-07-23T00:00:00Z,25,-123.505,39.976
Ruff Fire ,2016-09-10T14:06:00Z,50,-123.5044,39.7299
Orleans Complex,2017-07-26T18:00:00Z,27276,-123.501,41.59
Corral Complex,2013-08-10T11:40:00Z,12503,-123.488,41.035
Nash Fire,2020-06-01T17:41:59Z,10,-123.48018,39.1296
Eclipse Complex,2017-08-15T07:55:00Z,78698,-123.474,41.841
Salmon-August Complex ,2017-06-25T17:00:00Z,0,-123.474,41.841
Wilson Fire,2019-10-04T18:38:09Z,10,-123.458782,39.613783
Elk Fire,2019-10-04T12:03:48Z,63,-123.4375,41.70611111
Flat Fire,2020-06-30T17:40:16Z,62,-123.437051,40.791509
Mina Fire,2016-08-30T13:35:00Z,36,-123.4267011,39.8748511
McCash Fire,2021-08-18T08:50:00Z,94962,-123.404,41.564
Oak Fire,2020-09-07T13:26:45Z,1100,-123.3965,39.4935
Sandy Fire,2017-08-02T08:30:00Z,32,-123.39253,40.79902
Peach Fire ,2018-07-05T15:12:00Z,90,-123.38493,39.038859
Orleans Complex,2013-08-03T08:00:00Z,0,-123.376,41.333
Sandy Fire,2017-08-02T11:13:00Z,32,-123.375,40.804
Happy Camp Complex,2014-08-11T22:00:00Z,0,-123.374,41.796
Ruth Complex,2017-08-07T22:30:00Z,4736,-123.36882,40.17598
Mendocino Lightning Fires,2015-07-30T13:36:00Z,50,-123.36316,39.43301
Turnout Fire,2021-04-18T17:46:54Z,200,-123.35838,38.99914
Meadow Fire ,2022-07-19T12:25:00Z,17,-123.33756,39.058043
Monument Fire,2021-07-30T12:28:00Z,223124,-123.337,40.752
Walker Fire,2022-09-01T15:59:00Z,124,-123.3159,39.3669
Soda Fire,2015-07-04T15:30:00Z,23,-123.303,39.0263
Grade Fire,2017-07-16T14:51:00Z,900,-123.28825,39.30125
Brushy Fire,2018-11-08T11:58:00Z,35,-123.28774,39.62194
Yeti and Alex Fire,2022-07-29T17:14:12Z,,-123.278,41.868
Mina Fire,2020-08-10T18:31:57Z,177,-123.262437,39.82454
Heart Fire,2018-07-21T16:22:00Z,67,-123.258319,39.279833
Covelo Fire,2015-06-28T13:30:00Z,35,-123.248214,39.7806004
Fort Fire,2017-10-07T20:00:00Z,20,-123.24713,38.51937
West Fire,2014-07-01T03:45:00Z,15,-123.24,40.41
Tomki Fire,2021-05-21T15:36:15Z,18,-123.23205,39.384319
Broiler Fire,2021-07-07T14:30:00Z,80,-123.224377,39.253647
Henthorne Fire,2019-09-05T09:25:00Z,244,-123.222196,40.062304
Miller Complex,2017-08-14T14:00:00Z,39715,-123.218,42.039
Vineyard Fire ,2020-06-09T15:22:55Z,151,-123.21318,38.89695
Kidder 2 Fire,2019-09-07T08:47:46Z,227,-123.2129356,41.4929742
Creek Fire,2020-08-18T17:58:52Z,820,-123.2111007,39.8174372
Nome Fire,2022-07-05T17:15:00Z,20,-123.2055576,39.8166571
Hopkins Fire,2021-09-12T14:15:09Z,257,-123.202039,39.232362
Moose Fire,2019-08-12T17:10:00Z,225,-123.195306,39.005262
Salmon River Complex,2013-07-31T22:00:00Z,14754,-123.176,41.32
Saddle Fire ,2015-06-10T15:00:00Z,1542,-123.168,40.924
Redwood Valley Fire (Mendocino Lake Complex),2017-10-08T23:36:00Z,36523,-123.16635,39.24873
Retek Fire,2013-11-22T10:06:00Z,82,-123.1478,39.0442
Grape Fire,2017-09-19T13:02:00Z,146,-123.1362,39.02482
Burris Fire,2019-10-27T14:54:40Z,703,-123.12887,39.22431
Hobo Fire ,2020-09-01T09:37:58Z,,-123.12461,40.82126
River Fire (Mendocino Complex),2018-07-27T13:01:00Z,48920,-123.11971,39.04786
Kelsey Fire,2022-07-30T21:17:00Z,85,-123.1193265,41.6430162
Gap Fire,2016-08-27T18:00:00Z,33867,-123.118,41.851
Ranch Fire (Mendocino Complex),2018-07-27T12:05:00Z,410203,-123.103367,39.243283
Range Fire,2017-07-17T12:37:00Z,20,-123.10227,39.13207
Helena - Fork Fire,2017-08-30T18:00:00Z,21846,-123.10003,40.76025
Eel Fire,2018-07-31T15:28:00Z,972,-123.08489,39.82877
Pratt Fire,2013-07-23T13:29:00Z,45,-123.067671,38.980846
River Complex,2021-07-30T18:17:40Z,199359,-123.057,41.389
Petersburg Fire,2018-07-01T18:13:00Z,215,-123.051,41.085
Western Fire,2018-08-01T15:53:00Z,106,-123.0496,38.8802
Happy Camp Complex,2023-08-16T10:27:00Z,,-123.045093,41.777554
Buck Fire,2017-09-12T17:42:00Z,13417,-123.03583,40.2275
McFarland Fire,2021-07-30T18:44:00Z,122653,-123.034,40.35
Slides Fire,2017-09-12T16:08:00Z,58,-123.03344,39.42604
Maxwell Fire,2021-10-05T15:34:31Z,80,-123.02375,40.649917
Shackleford Fire,2020-09-11T10:05:44Z,50,-123.021635,41.575549
Shackleford Fire,2022-07-30T18:06:00Z,31,-123.0213226,41.5734543
Alpine Fire ,2022-03-01T17:15:00Z,21,-123.015106,38.46234
3-19 Fire,2020-08-18T15:27:56Z,62,-123.013667,39.276
Bar Fire,2019-09-15T15:52:00Z,91,-123.000833,41.749667
Cherry Fire,2018-06-27T19:46:00Z,63,-122.99272,41.83359
Meamber Fire,2022-07-31T19:17:00Z,63,-122.988315,41.640867
Meamber Fire,2018-06-04T15:08:00Z,12,-122.98442,41.64805
Bar Fire,2020-04-25T14:59:00Z,55,-122.97693,40.63442
Ridge Fire,2018-09-02T14:02:00Z,36,-122.97222,38.981389
Highland Fire,2013-09-28T13:57:00Z,98,-122.966,38.9252
Democrat Fire,2015-08-25T14:08:00Z,128,-122.96174,40.724898
Deep Fire,2023-08-16T08:28:40Z,,-122.94871,40.93686
Oregon Fire,2014-08-24T16:36:00Z,461,-122.946,40.7412
Baseball Fire,2020-02-25T14:17:21Z,211,-122.9411111,39.75638899
Ward Fire,2017-08-13T12:41:00Z,41,-122.9401,41.99279
Pomo Fire,2021-06-17T16:45:06Z,42,-122.916,39.16338
Mockingbird Fire,2016-08-30T16:54:00Z,20,-122.9148951,39.1408865
Flat Fire,2018-06-28T18:01:00Z,300,-122.9144,40.60402
Pocket Fire (Central LNU Complex),2017-10-09T08:30:00Z,17357,-122.90939,38.76549
Independence Fire,2017-07-31T23:17:00Z,11,-122.90217,38.70289
McKinney Fire ,2022-07-29T14:16:00Z,60138,-122.894782,41.833813
Gorge Fire,2018-08-19T07:32:00Z,155,-122.8905556,40.36888889
Peterson Fire,2015-08-22T17:30:00Z,215,-122.879272,38.925764
Carder Fire,2018-07-21T14:40:00Z,50,-122.86854,38.91152
Slide 1 Fire,2023-08-16T08:35:57Z,,-122.855,40.036944
Kelsey Fire,2018-09-03T13:58:00Z,24,-122.85276,38.91842
Skeleton Fire,2017-09-12T14:36:00Z,200,-122.85194,39.44543
McCabe Fire,2013-11-22T02:04:00Z,3505,-122.8498,38.8167
Fox Fire,2020-09-16T11:08:31Z,2188,-122.847359,41.211022
Beegum Fire,2020-02-23T08:35:30Z,75,-122.8472222,40.33583333
Community Fire,2019-07-27T10:15:00Z,35,-122.845,41.838
Fay Fire,2017-07-05T11:05:00Z,496,-122.8428,41.3975
Schoolhouse Fire,2020-09-09T15:59:31Z,45,-122.84057,41.68229
Woodward Fire,2020-08-18T14:27:00Z,4929,-122.836701,38.018089
Oak Fire,2019-09-07T14:00:00Z,53,-122.833831,38.955024
Bolla Fire,2017-06-18T07:15:00Z,60,-122.83208,40.32063
Sawmill Fire,2016-09-25T10:43:00Z,1547,-122.82895,38.80017
Mount Fire,2013-06-20T14:29:00Z,25,-122.81796,38.98058
Bottle Fire,2017-08-08T16:40:00Z,62,-122.81135,38.94599
Coffee Fire,2014-07-30T20:30:00Z,6258,-122.805,41.141
Roblar Fire ,2022-06-27T15:47:53Z,63,-122.796221,38.323263
Moffett Fire,2016-09-12T16:28:00Z,32,-122.7933,41.6314
Platina Fire,2020-07-19T17:05:41Z,333,-122.792645,40.462621
Foothill Fire,2016-07-19T17:16:00Z,69,-122.7891,39.0863
South Fire,2019-09-05T19:59:46Z,5332,-122.789,40.109
Smokey Fire ,2022-08-04T09:05:00Z,34,-122.7825581,41.9708541
Kincade Fire,2019-10-23T21:27:00Z,77758,-122.780053,38.792458
Spaletta Fire,2017-07-12T16:15:00Z,35,-122.77846,38.08055
Golf Fire,2019-08-08T14:55:59Z,20,-122.7751,38.99174
Bridge Fire,1969-12-31T16:00:00Z,45,-122.76751,38.07135
Ranch Fire,2019-07-05T14:46:33Z,30,-122.767256,40.41741
Bruner Fire,2013-11-23T12:04:00Z,50,-122.7656,39.0448
Bully Fire,2014-07-11T15:37:00Z,12661,-122.750788,40.4314
Dolicini Fire,2021-07-14T15:34:10Z,35,-122.7418335,38.0975072
Duzel Fire,2019-09-07T18:19:16Z,15,-122.740333,41.512917
Fiddler Fire,2013-07-09T11:59:00Z,43,-122.7338,40.373
Klamath Fire,2017-07-04T15:21:00Z,0,-122.73031,41.86609
Fiddler Fire,2016-07-08T22:45:00Z,303,-122.72913,40.36873
Middle Fire,2021-08-13T00:00:00Z,22,-122.727542,38.250596
Irving Fire,2018-09-10T19:00:00Z,152,-122.727,38.02447
Fiddler Fire,2014-05-14T14:00:00Z,50,-122.721,40.39
Bodega Fire,2017-08-27T13:30:00Z,18,-122.71998,38.26294
Henderson Fire,2023-06-14T16:41:00Z,21,-122.7145,39.023
Vestal Fire,2017-08-26T15:03:00Z,40,-122.70449,40.29831
Lake Fire,2013-06-05T16:05:00Z,30,-122.703193,38.99233
Badger Fire,2020-07-18T17:18:20Z,557,-122.69296,41.79319
Eliza Fire,2022-09-08T19:57:47Z,,-122.692408,41.793769
Platina Fire,2022-04-27T13:56:00Z,10,-122.690559,40.44412
Lakeshore Fire,2013-09-15T19:45:00Z,30,-122.683,38.9777
August Complex (includes Doe Fire),2020-08-16T20:37:26Z,1032648,-122.673,39.776
Trinity Fire,2019-06-26T15:35:00Z,90,-122.66779,40.41404
Lime Fire,2019-09-07T08:36:32Z,1872,-122.662258,41.862237
Nail Fire,2020-07-07T17:32:13Z,25,-122.65813,39.35498
Pine Fire,2017-06-27T10:39:00Z,38,-122.65749,37.9775
Tree Fire,2019-07-27T10:15:00Z,83,-122.656569,41.834366
Open Fire,2018-06-01T15:20:00Z,127,-122.65582,39.46543
Yellow Fire,2013-05-01T02:01:00Z,125,-122.655616,38.638828
Point Fire,2022-08-20T19:26:17Z,14,-122.6556,38.9494
Crane Fire,2013-10-04T12:25:00Z,159,-122.6503,38.34599
Highland Fire,2018-07-20T13:26:00Z,63,-122.649626,40.741186
Cannon Fire,2021-07-14T15:18:48Z,43,-122.64768,40.1703
Sulphur Fire (Mendocino Lake Complex),2017-10-09T23:59:00Z,2207,-122.64543,39.01387
King Fire,2017-06-26T12:30:00Z,19,-122.645079,40.703775
Glass Fire,2019-09-04T16:26:00Z,28,-122.642572,38.910498
Pressley Fire (Central LNU Complex),2017-10-09T01:30:00Z,0,-122.64001,38.36685
Red Bank Fire,2019-09-05T13:19:56Z,8836,-122.64,40.12
Ranch Fire,2019-11-03T14:16:17Z,2534,-122.637837,40.036379
Catholic Fire,2020-09-01T17:34:38Z,13,-122.637037,39.012743
Muir Fire,2019-10-24T12:15:33Z,67,-122.636471,37.896231
Rams Horn Fire,2019-09-07T08:49:58Z,280,-122.634108,41.150392
Tubbs Fire (Central LNU Complex),2017-10-08T21:45:00Z,36807,-122.62879,38.60895
Mountain Fire ,2022-09-02T15:48:00Z,13440,-122.627469,41.459009
Ridge Fire,2023-08-04T14:45:00Z,28,-122.624538,40.735974
Murphy Fire,2017-07-17T14:44:00Z,40,-122.62382,38.86056
Carr Fire,2018-07-23T13:15:00Z,229651,-122.62357,40.65428
Lassen Fire,2021-09-01T14:27:00Z,44,-122.6131992,38.0591827
Grade Fire,2016-08-24T14:55:00Z,710,-122.611,41.7813
Clayton Fire,2016-08-13T18:03:00Z,3929,-122.60664,38.89741
Grove Fire,2019-10-17T20:06:00Z,25,-122.604425,38.88913
Creek Fire,2023-09-06T15:30:00Z,28,-122.601667,38.903333
Cache Fire,2021-08-18T12:34:00Z,83,-122.601395,38.928133
Pawnee Fire,2018-06-23T17:21:00Z,15180,-122.59848,39.0674
Indian Fire,2014-05-25T12:20:00Z,175,-122.5983,39.1647
Spring 2 Fire,2018-07-09T16:46:00Z,80,-122.59789,39.06715
Frank Fire,2023-06-15T14:06:00Z,32,-122.5955,40.2869
Bailey Fire,2016-07-19T14:09:00Z,26,-122.59328,41.96191
Indian Fire,2013-08-07T12:35:00Z,38,-122.5906,39.1591
Chrome Fire,2018-05-28T17:33:00Z,75,-122.58666,39.65578
Chrome Fire,2018-06-09T15:32:00Z,2290,-122.58218,39.64978
Dam Fire,2013-11-23T14:17:00Z,23,-122.5818,38.9289
Oakmont Fire (Central LNU Complex),2017-10-14T20:35:00Z,100,-122.58152,38.46123
Coyote Fire,2021-08-13T00:00:00Z,127,-122.581257,38.826123
Cottonwood Fire,2013-08-15T14:40:00Z,50,-122.578393,41.923323
Ridge Fire,2017-10-06T14:38:00Z,87,-122.576,39.15016
Cache Fire,2018-08-26T18:04:00Z,103,-122.57496,39.02017
Long Fire,2017-10-14T05:00:00Z,100,-122.57487,39.0199
Redwood Fire,2022-06-27T16:27:00Z,113,-122.574563,38.163521
Colyear Fire,2016-06-30T13:32:00Z,464,-122.56939,40.0353
Cantwell Fire,2013-11-08T13:42:00Z,120,-122.567525,38.882214
Zogg Fire,2020-09-27T16:03:27Z,56338,-122.56656,40.53927
306 Fire,2013-05-01T19:00:00Z,217,-122.560862,39.514139
Fork Fire,2015-06-17T12:50:00Z,55,-122.552,40.0133
Fork Fire,2021-07-17T17:40:13Z,43,-122.55195,39.999396
Burrows Fire ,2022-06-28T13:09:03Z,317,-122.55002,39.713372
Lakeville Fire,2020-06-05T16:56:55Z,141,-122.549816,38.224849
Lower Fire,2019-08-12T14:16:53Z,46,-122.54364,40.46968
Paskenta Fire ,2017-08-10T17:24:00Z,15,-122.5415,39.87983
Gulch Fire,2020-06-06T16:19:20Z,107,-122.536406,38.216134
Clover Fire,2013-09-09T12:32:00Z,8073,-122.535496,40.498332
Klamathon Fire,2018-07-05T12:31:00Z,38008,-122.534655,41.893332
Grade Fire,2015-08-24T12:12:00Z,22,-122.53428,38.831478
South Fire,2018-06-09T14:45:00Z,175,-122.5275,37.97638
Mission Fire,2018-06-09T15:30:00Z,12,-122.5275,37.97638
Stony Fire,2023-07-18T14:48:00Z,89,-122.5259,39.6685
Walker Fire,2015-09-11T15:08:00Z,109,-122.52541,40.47512
Nuns / Adobe / Norrbom/ Pressley / Partrick Fires / Oakmont (Central LNU Complex),2017-10-09T22:00:00Z,44573,-122.5209,38.4041
Sky Fire,2021-04-29T12:44:00Z,65,-122.5177156,38.88437128
Tower Fire,2018-10-14T06:45:00Z,12,-122.51597,40.49618
Mule Fire,2021-08-25T00:00:00Z,10,-122.514391,40.616416
Ager Fire,2018-05-19T13:04:00Z,27,-122.513883,41.791859
Lakeville Fire,2013-07-26T13:45:00Z,158,-122.51253,38.17693
Stony Fire,2018-07-04T13:14:00Z,75,-122.512012,39.2976
House Fire,2021-08-04T00:00:00Z,60,-122.506112,40.604986
Reservoir Fire,2016-06-26T16:00:00Z,215,-122.50373,39.12366
Cooley Fire,2015-07-13T17:56:00Z,181,-122.5029,41.8048
4-8 Fire,2020-08-17T14:16:58Z,275,-122.5012461,39.555943
Glass Fire,2020-09-27T08:48:00Z,67484,-122.49745,38.56295
Eagle Fire,2019-11-05T06:52:14Z,75,-122.496548,39.100408
Mule Fire,2017-09-05T14:55:00Z,21,-122.49327,39.01748
Double Fire,2013-08-16T17:57:00Z,70,-122.491894,39.013682
Rock Fire,2021-06-15T17:14:55Z,108,-122.49164,40.61468
Jerusalem Fire,2015-08-09T15:34:00Z,25118,-122.4867319,38.8142503
Shastina Fire,2018-05-09T18:11:00Z,127,-122.48556,41.65935
Sites Fire ,2020-08-02T17:13:36Z,560,-122.48525,39.31313
Hiding Fire,2021-08-01T00:00:00Z,50,-122.482826,40.466364
Paskenta Fire,2019-06-22T03:12:00Z,46,-122.48277,39.97083
Cloverdale Fire,2013-08-14T15:37:00Z,27,-122.48259,40.473356
Pine Fire,2021-06-23T13:42:00Z,50,-122.481055,40.475558
Creek Fire,2018-06-16T14:04:00Z,32,-122.476381,38.886518
Rocky Fire,2015-07-29T15:29:00Z,69636,-122.4762475,38.8863538
Point Fire,2023-05-21T17:45:00Z,10,-122.47542,40.417676
37 Fire,2017-10-09T14:00:00Z,1660,-122.47301,38.14242
Steamboat Fire,2018-07-15T09:58:00Z,224,-122.47293,41.70877
Ink Fire,2019-06-08T14:37:00Z,50,-122.47282,38.63047
Mountain Fire,2016-08-09T12:14:00Z,35,-122.47091,40.61213
Keswick Fire,2016-06-11T16:02:00Z,24,-122.46777,40.61388
Lodoga Fire,2023-07-16T21:46:00Z,22,-122.466,39.2694
Whitepine Fire,2017-06-06T16:38:00Z,46,-122.4571,41.8721
Rancho Fire,2022-06-13T16:16:00Z,593,-122.45621,40.00919
Butts Fire,2014-07-01T12:08:00Z,4300,-122.454,38.664
Snell Fire,2018-09-08T14:29:00Z,2490,-122.44468,38.69601
Pallet Fire,2018-06-05T13:03:00Z,10,-122.44408,38.245151
Lariat Fire,2018-07-14T20:40:00Z,33,-122.44008,40.00293
China Fire,2015-07-29T17:55:00Z,212,-122.439939,40.415108
Keswick Fire,2015-07-07T12:34:00Z,18,-122.4397,40.5953
Iron Gate Fire,2018-10-10T21:50:00Z,15,-122.43933,41.94046
Butte/Tehama/Glenn Lightning Complex (Tehama/Glenn Zone) ,2020-08-17T09:12:42Z,19609,-122.4393,40.09571
Red Fire ,2020-04-23T20:52:04Z,26,-122.43905,40.09554
Snell Fire,2023-06-16T17:36:16Z,103,-122.4379,38.6994
View Fire ,2021-10-11T14:35:42Z,24,-122.436754,40.287225
Laverne Fire,2017-07-18T12:39:00Z,180,-122.43608,40.47106
Horse Fire,2019-07-12T19:08:54Z,30,-122.435492,40.463936
Rainbow Fire,2022-07-16T13:05:00Z,60,-122.433855,40.010233
Creek Fire,2016-10-10T16:13:00Z,65,-122.43172,38.40958
Delta Fire,2018-09-05T12:51:00Z,63311,-122.43,40.9425
Elk Fire,2020-08-16T10:14:46Z,727,-122.427358,39.52452
Chestnut Fire,2013-09-07T13:55:00Z,41,-122.427285,37.667295
Benson Fire,2017-07-08T18:58:00Z,29,-122.42606,40.29118
Creek Fire,2018-06-24T12:29:00Z,1678,-122.42308,40.50318
Fremont Fire,2021-09-22T14:25:00Z,116,-122.416983,38.269863
Lake Fire,2016-09-10T15:45:00Z,75,-122.4096,40.68192
Flanagan Fire ,2022-03-04T10:31:00Z,88,-122.4073,40.67671
Point Fire,2015-08-03T14:28:00Z,59,-122.40546,40.3929
Spanish Fire ,2020-05-22T15:27:09Z,20,-122.403634,38.697834
IronGate Fire,2019-06-16T20:33:00Z,10,-122.40157,41.94622
Paskenta Fire,2016-06-21T10:26:00Z,43,-122.40142,39.93965
Ranchera Fire,2018-09-04T14:43:00Z,13,-122.400556,40.678889
Branstetter Fire ,2022-09-01T12:13:00Z,34,-122.3975,40.5336
Partrick Fire (Central LNU Complex),2017-10-08T23:48:00Z,8283,-122.39052,38.31802
Point Fire (Shasta and Tehama County),2020-10-25T09:56:31Z,275,-122.39033,40.38869
North Fire,2017-07-15T18:10:00Z,10,-122.38619,40.48972
Mill Fire,2022-09-02T12:49:00Z,3939,-122.3852,41.4303
Grizzly Fire,2020-03-02T14:08:05Z,154,-122.384532,39.774968
Stage Coach Fire,2014-09-11T15:14:00Z,27,-122.384054,38.695961
Masonic Fire,2018-10-14T11:33:00Z,38,-122.38366,40.60866
Lott Fire,2018-07-17T19:03:00Z,10,-122.37985,41.632373
Pope Fire,2020-10-23T17:25:43Z,61,-122.37828,38.56184
Beswick Fire,2021-06-28T18:14:00Z,118,-122.374848,41.917209
Boles Fire,2014-09-15T13:38:00Z,516,-122.37432,41.42384
Table Fire,2016-07-21T20:30:00Z,23,-122.36924,41.71847
Evergreen Fire ,2022-03-12T13:17:00Z,12,-122.3685584,41.4455854
Bogus Fire,2017-06-18T15:45:00Z,56,-122.36545,41.93006
Black Fire,2015-07-04T16:33:00Z,170,-122.3638,39.8448
Grade Fire,2018-08-30T15:44:00Z,60,-122.3625,38.8275
Cabrillo Fire,2019-10-24T20:15:36Z,62,-122.361112,37.166674
Ridge Fire,2022-06-26T08:13:12Z,12,-122.359698,41.317476
Hill Fire,2020-07-24T17:47:17Z,138,-122.359663,39.013591
Rocky Fire,2019-06-14T16:14:00Z,17,-122.35962,41.64895
Apple Fire,2018-06-09T14:10:00Z,2956,-122.3571,39.94355
Silverado Fire,2013-04-30T23:44:00Z,75,-122.350844,38.441792
Salt Fire,2021-06-30T14:55:56Z,12660,-122.348956,40.860525
Tehama Fire,2014-06-13T12:23:00Z,225,-122.345078,40.009827
Oregon Gulch Fire (part of the Beaver Complex),2014-07-30T23:00:00Z,35302,-122.345,42.048
Olinda Fire,2020-10-25T14:22:27Z,5,-122.342,40.41486
Chiles Fire,2015-06-16T14:27:00Z,38,-122.3415,38.5287
97 Fire,2022-09-27T08:54:50Z,30,-122.3414,41.4987
Martin Fire,2018-06-03T16:14:00Z,37,-122.33769,41.58233
Paskenta Fire,2013-07-19T13:32:00Z,195,-122.330879,39.961309
Black Fire,2018-06-03T08:55:00Z,10,-122.3307,39.80827
Lava Fire,2021-06-24T20:35:24Z,26409,-122.329,41.459
Thirty Five Fire,2023-08-17T12:36:00Z,109,-122.3287,39.6194
Wonder Fire,2023-07-24T16:15:00Z,162,-122.3232056,40.7316228
Live Fire,2017-07-28T13:24:00Z,57,-122.3209,40.1583
Fawn Fire,2021-09-22T16:45:00Z,8578,-122.320243,40.729811
Peter Fire ,2022-07-14T16:56:00Z,304,-122.3182313,40.4411992
Silverado Fire,2013-11-21T21:39:00Z,190,-122.311,38.382
Spring Fire ,2019-08-14T12:52:00Z,20,-122.309167,39.088333
 Bridge Fire,2017-10-31T11:22:00Z,37,-122.309,40.774
Adams Fire,2018-11-05T10:17:00Z,60,-122.308479,40.346652
Paskenta Fire,2019-05-20T10:57:00Z,63,-122.30737,39.98097
Skeggs Fire,2017-09-11T19:41:00Z,50,-122.3001,37.41591
Plymire Fire,2018-06-01T16:07:00Z,23,-122.29388,40.201826
Bradley Fire,2017-08-28T22:00:00Z,54,-122.292,41.222
Putah Fire,2013-10-03T20:33:00Z,376,-122.289,38.628
North Butano Fire,2021-01-18T21:00:00Z,15,-122.28823,37.18259
Roser Fire,2017-11-02T14:40:00Z,43,-122.28165,39.81517
Canal Fire ,2021-10-14T16:49:00Z,59,-122.277441,39.986836
Edgewood,2022-06-21T14:30:00Z,20,-122.27742,37.459222
Stoll Fire,2018-06-23T12:52:00Z,268,-122.27574,40.18395
Wilder Fire,2022-05-24T11:27:12Z,90,-122.275649,40.150329
Bradley Fire,2017-08-28T21:38:00Z,54,-122.27499,41.222
Paskenta Fire,2017-06-24T11:15:00Z,42,-122.27379,40.10282
Old Fire,2022-05-31T15:35:00Z,570,-122.270417,38.370078
Baker Fire,2016-08-03T17:27:00Z,80,-122.26736,40.19611
Refuge Fire,2017-06-13T10:18:00Z,22,-122.2654,38.68347
Syar Fire,2018-08-09T14:21:00Z,10,-122.26389,38.27229
Knoxville Fire,2016-08-09T18:50:00Z,36,-122.26015,38.68403
Mare Fire,2019-09-26T15:29:06Z,30,-122.2561111,38.07944444
Willow Fire,2017-07-08T15:26:00Z,370,-122.25544,38.02929
Freeway Fire,2017-10-08T12:15:00Z,10,-122.255,40.24789
California Fire,2020-07-06T15:32:26Z,298,-122.25471,38.02996
Rawson Fire,2019-10-27T02:47:20Z,605,-122.25421,40.00171
Gilbert Fire,2019-08-04T17:18:21Z,30,-122.25409,40.55924
Canyon Fire,2017-08-11T12:57:00Z,114,-122.2483,38.49336
36 Fire,2017-10-03T16:22:00Z,20,-122.24731,40.20077
Nustar Fire,2019-10-15T16:17:18Z,15,-122.245186,38.045866
Atlas Fire (Southern LNU Complex),2017-10-09T21:52:00Z,51624,-122.24367,38.39206
Jones Fire,2017-10-08T04:53:00Z,40,-122.24199,40.70627
Mountain Fire,2019-08-22T11:02:09Z,600,-122.241944,40.715556
Newell Fire,2021-10-11T20:02:23Z,132,-122.241128,38.170366
Sand Fire,2019-06-08T14:50:00Z,2220,-122.23922,38.88978
Creek Fire,2021-06-09T20:00:00Z,34,-122.238889,38.899722
Vista Fire,2018-07-08T14:41:00Z,31,-122.23449,40.62693
Bellagio Fire,2018-05-21T11:56:00Z,12,-122.23059,38.16303
Toll Fire,2017-06-22T13:08:00Z,39,-122.23004,38.07481
Edward Fire,2022-05-24T10:53:00Z,,-122.229859,39.761232
Glencove Fire ,2019-10-27T11:52:15Z,140,-122.22463,38.07205
Sky Fire ,2019-10-27T11:29:03Z,150,-122.2241,38.03545
CZU Lightning Complex (Including Warnella Fire) ,2020-08-16T08:00:00Z,86509,-122.22275,37.17162
Dry Fire,2014-07-09T13:45:00Z,143,-122.2215,40.6569
Hirz Fire,2018-08-09T01:55:00Z,46150,-122.219,40.896
American Fire,2019-10-06T16:36:50Z,526,-122.211671,38.165873
Jelly Fire,2018-05-18T16:37:00Z,103,-122.21032,40.31759
Fish Fire,2017-06-05T13:17:00Z,20,-122.2102,37.86549
Flores Fire,2016-07-01T13:54:00Z,88,-122.2071,40.07846
Gyle Fire,2020-06-17T16:39:25Z,68,-122.205628,40.000132
Sand Fire,2017-07-17T13:17:00Z,70,-122.20127,39.01224
Sprig Fire,2015-07-30T12:57:00Z,90,-122.20109,40.49865
Mallard Fire,2015-07-29T16:30:00Z,75,-122.199227,40.509552
Plains Fire,2019-10-10T15:49:07Z,42,-122.19911,40.4988
Sierra Fire,2018-06-23T13:15:00Z,170,-122.19792,40.12791
Scenic Fire ,2022-06-23T14:37:00Z,120,-122.191103,38.046255
Franklin Fire,2016-07-24T16:30:00Z,40,-122.1885,38.01264
Steele Fire,2018-07-28T16:30:00Z,135,-122.18353,38.51943
Pleasure Fire,2015-06-27T12:51:00Z,19,-122.181878,38.519132
County Fire,2018-06-30T14:12:00Z,90000,-122.18183,38.80583
Dersch Fire,2020-10-25T12:54:39Z,133,-122.18102,40.47646
Sun Fire,2018-10-07T12:51:00Z,3889,-122.18,40.22027778
Alta Fire,2023-09-12T15:35:00Z,14,-122.1796,38.3702
Creek Fire,2017-07-19T17:30:00Z,0,-122.17657,39.75425
China Grade Fire,2021-01-18T21:00:00Z,22,-122.1756,37.17749
Ward Fire,2019-08-09T23:08:25Z,1301,-122.175,42.033
Bascom Fire,2018-06-23T12:54:00Z,328,-122.17457,40.52909
Sky Fire,2017-07-29T17:29:00Z,17,-122.17384,40.69259
Silver Fire,2018-09-28T14:44:00Z,76,-122.17173,40.5939
Gulch Fire,2014-09-10T08:30:00Z,1375,-122.171,40.7101
Edwards Fire,2017-09-26T12:22:00Z,22,-122.169,37.77982
Fellow Fire,2019-07-05T13:33:56Z,24,-122.16201,37.99837
Inghram Fire,2019-10-09T09:52:52Z,10,-122.160416,39.847708
Corning Fire ,2019-10-09T08:31:40Z,68,-122.1604,39.847708
Dairy Fire,2021-06-15T18:59:10Z,165,-122.16025,40.10806
Cottage Fire,2019-08-15T15:09:55Z,156,-122.159393,40.484329
Ascot Fire,2015-07-10T13:36:00Z,40,-122.1578,38.1029
McGary Fire ,2020-06-05T17:09:00Z,79,-122.156313,38.196893
Creek Fire,2016-06-26T15:45:00Z,277,-122.15457,38.69971
LNU Lightning Complex,2020-08-17T08:00:00Z,363220,-122.14864,38.48193
Canyon Fire,2019-07-22T15:05:34Z,64,-122.143942,38.481258
Alhambra Fire,2018-08-17T19:19:00Z,30,-122.14097,37.99618
Dersch Fire,2013-11-07T16:10:00Z,33,-122.140914,40.483662
California Fire,2013-06-18T15:18:00Z,124,-122.13802,38.08744
Spring Fire,2018-06-13T21:06:00Z,70,-122.135924,40.394073
Herman Fire,2022-07-13T16:56:00Z,115,-122.1347757,38.0936839
Panther Ridge Fire,2021-01-19T15:25:39Z,20,-122.13372,37.18381
Spring Fire ,2017-06-04T16:22:00Z,78,-122.13088,40.38944
Hog Fire,2016-09-13T23:10:00Z,321,-122.1295,40.30594
Little Deer Fire,2014-07-31T17:45:00Z,5503,-122.127,41.682
Mountain Meadow Fire ,2020-07-06T18:22:56Z,75,-122.12447,38.21614
Buckingham Fire,2018-07-02T14:25:00Z,45,-122.12351,37.86339
Nelson Fire ,2019-06-07T12:59:00Z,24,-122.12214,38.21416
Cow Fire,2021-06-20T16:38:04Z,761,-122.12107,40.53297
Bear Fire ,2018-11-16T11:01:00Z,10,-122.12036,37.12857
Marshview Fire,2019-07-24T12:28:45Z,183,-122.118889,38.158333
Wragg Fire,2015-07-22T14:24:00Z,8051,-122.1145,38.4994
Tuscan Fire,2018-07-15T17:15:00Z,50,-122.11375,40.27754
Forest Fire,2019-10-27T17:36:15Z,50,-122.11092,37.97911
Bonny Doone Complex (Previously Fanning Fire),2021-01-19T06:48:00Z,20,-122.10509,37.08931
Irvine Fire,2020-10-11T18:04:00Z,30,-122.104314,37.821737
Monticello Fire,2014-07-04T21:32:00Z,6488,-122.104,38.512
Merrill Fire,2019-10-10T06:42:19Z,40,-122.103867,37.828267
Brock Fire,2020-06-04T16:36:17Z,15,-122.097933,40.837885
Capay Fire,2013-11-04T11:41:00Z,163,-122.08725,38.67479
Vina Fire,2013-07-04T07:30:00Z,200,-122.079871,40.012398
Sky Fire,2015-07-06T10:47:00Z,150,-122.0789,38.4113
Deer Fire,2019-09-03T15:36:45Z,10,-122.07743,37.178353
Bear Fire,2017-10-16T22:30:00Z,391,-122.07012,37.18356
Dales Fire,2019-10-07T11:03:29Z,11,-122.070055,40.314187
Cold Fire,2016-08-02T16:36:00Z,5731,-122.06788,38.52513
Tennant Fire,2021-06-28T16:07:00Z,10580,-122.054254,41.665191
Lilly Fire,2021-06-28T16:07:00Z,35,-122.054254,41.665191
Woodman Fire,2021-04-01T15:56:00Z,35,-122.0536419,40.6758842
Quail Fire,2022-05-21T15:14:00Z,135,-122.051923,38.467322
Dunnigan Fire ,2022-05-20T15:08:58Z,120,-122.049621,38.824462
Dunnigan Fire,2016-07-15T14:00:00Z,84,-122.04726,38.8866
Rincon Fire,2018-11-03T21:28:00Z,17,-122.046,37.0125
Nelson Fire,2018-08-10T16:57:00Z,2162,-122.043747,38.431278
Sonoma-Lake-Napa Unit Lightning Fires,2013-06-10T00:46:00Z,28,-122.0437,38.4229
Wildlife Fire,2020-06-03T18:26:25Z,300,-122.042199,38.232281
Cow Fire,2019-09-24T08:40:45Z,16,-122.039167,40.612556
Quail Fire,2020-06-06T16:36:26Z,1837,-122.038208,38.470809
Castro Fire,2018-08-26T14:23:00Z,48,-122.02805,37.69926
Oak Fire,2016-07-22T13:01:00Z,57,-122.02564,38.33475
Hopper Fire,2017-09-01T11:21:00Z,25,-122.02525,40.71923
Winters Fire,2017-07-06T12:41:00Z,1700,-122.0251,38.49521
River Fire ,2022-05-24T13:30:00Z,595,-122.0246463,39.2333948
Madison FIre,2018-06-01T13:31:00Z,14,-122.01762,38.64953
Oak Fire,2017-07-01T00:48:00Z,128,-122.0122,40.69554
Estate Fire,2017-09-23T11:05:00Z,55,-122.0041,38.4446
Willow Fire ,2020-06-06T18:00:51Z,100,-122.002811,37.994368
Elk Fire,2015-09-02T14:57:00Z,673,-122,55.23
Willow Fire,2018-06-16T15:10:00Z,25,-121.998967,38.015323
Willow Fire ,2022-05-20T12:08:00Z,28,-121.998735,38.015611
Eighty Eight Fire,2018-07-18T14:24:00Z,822,-121.9938889,38.59694444
Valley Fire,2018-06-29T16:06:00Z,268,-121.9921,37.94714
Wiley Fire,2023-10-07T14:49:04Z,36,-121.981732,38.265241
Eden Fire,2022-08-15T16:21:00Z,58,-121.97822,37.70049
Romero Fire,2022-06-23T18:34:00Z,349,-121.97785,38.42619
Timm Fire,2022-06-23T14:15:00Z,26,-121.97785,38.42619
Willow Fire,2019-06-06T14:24:00Z,23,-121.9763,38.02503
Hill Fire,2017-07-29T16:33:00Z,155,-121.9741,41.9808
Timm Fire,2017-10-02T09:37:00Z,100,-121.97233,38.43658
Timm Fire ,2019-08-13T15:41:24Z,81,-121.969167,38.455
Cana Fire,2019-04-30T12:20:00Z,10,-121.957,39.83958
Llano Fire,2018-06-29T11:44:00Z,10,-121.954098,39.6139
Winters Fire,2018-10-12T11:21:00Z,160,-121.94658,38.45673
Nurse Fire,2018-11-08T13:28:00Z,1500,-121.9424,38.21396
Niles Fire,2018-11-14T14:56:00Z,20,-121.94182,37.61158
Cow Fire,2016-09-25T07:15:00Z,100,-121.93923,40
Dale Fire,2018-07-09T18:30:00Z,856,-121.93908,40.33682
Fern Fire,2015-08-02T03:00:00Z,75,-121.93244,40.67868
Gunnison Fire,2021-05-08T13:44:53Z,550,-121.91936,39.85479
Antelope Fire,2021-08-01T11:28:25Z,145632,-121.9154934,41.5289901
Kirker Fire,2013-07-01T13:19:00Z,492,-121.91453,37.96866
Tehama Fire,2017-10-26T20:00:00Z,194,-121.91425,40.02261
Iron Fire,2018-06-19T15:19:00Z,40,-121.908976,37.779209
Kirker Fire ,2022-06-24T12:20:00Z,90,-121.908735,37.97689
Range Fire,2017-08-22T14:00:00Z,200,-121.90516,37.72543
Meridian Fire,2019-05-01T16:46:00Z,50,-121.905,39.85484
Canyon Fire ,2022-06-23T13:47:38Z,71,-121.903018,37.642217
Crestline Fire,2018-07-24T15:24:00Z,51,-121.90215,40.824
Gulch Fire ,2022-03-12T12:46:00Z,113,-121.9015432,41.9525087
Owens Fire,2017-08-29T15:39:00Z,55,-121.90077,41.99483
Soberanes Fire,2016-07-22T08:48:00Z,132127,-121.89938,36.45994
Munjar Fire,2015-10-02T14:38:00Z,104,-121.8938,39.8707
Dorris Fire,2015-07-21T17:00:00Z,24,-121.891226,41.999341
Nelson Fire,2021-08-07T00:00:00Z,20,-121.89008,41.034362
Country Fire,2018-07-22T13:06:00Z,320,-121.88807,37.449425
Morgan Fire,2013-09-08T13:08:00Z,3111,-121.882582,37.90757
Colorado Fire,2022-01-21T17:19:00Z,687,-121.880533,36.396461
Sheridan Fire,2020-07-04T15:04:41Z,108,-121.876277,37.536015
Marsh Complex,2019-08-03T08:16:00Z,340,-121.872941,37.908362
Glen Fire,2018-06-02T12:42:00Z,23,-121.86473,37.99113
Fallon Fire,2013-07-06T13:09:00Z,38,-121.86216,37.74241
West Butte Fire,2019-06-08T14:37:00Z,1350,-121.85906,39.28926
Lumgrey Fire,2019-06-17T17:50:00Z,207,-121.85906,39.28926
Marsh Fire,2018-07-25T14:41:00Z,247,-121.85847,37.89612
Hoag Fire,2016-06-11T14:30:00Z,80,-121.857,39.7947
Fallon Fire,2017-10-17T14:00:00Z,116,-121.85663,37.7393
Grace Fire,2017-04-03T16:00:00Z,45,-121.85645,40.48712
Deer Fire,2013-08-23T14:15:00Z,11429,-121.85397,40.04263
Loma Fire,2016-09-26T14:42:00Z,4474,-121.85318,37.10632
Bruce Fire,2018-07-08T16:45:00Z,56,-121.85311,37.79718
Little Fire,2019-10-08T17:25:12Z,12,-121.853,37.606
Colleen Fire,2020-06-04T19:36:47Z,126,-121.851895,37.229703
Stephens Fire,2015-02-24T12:15:00Z,200,-121.851,41.485
Reservoir Fire,2019-09-21T11:49:00Z,128,-121.842751,37.467744
Harte Fire,2019-08-09T15:09:50Z,240,-121.841879,37.708743
Weller Fire,2017-07-26T23:19:00Z,51,-121.84108,37.44485
Calaveras Fire ,2019-06-10T15:16:00Z,35,-121.84082,37.44422
Coyote Fire,2022-09-07T14:52:00Z,297,-121.839853,41.8739166
Freedom Fire,2021-01-19T19:13:18Z,37,-121.83627,36.98767
Loma Fire,2015-06-24T16:15:00Z,533,-121.833751,37.974123
Bradley Fire,2021-07-11T15:08:43Z,357,-121.82403,41.25272
Forward Fire,2022-09-09T14:31:00Z,160,-121.81822,40.44109
Lariat Fire,2017-07-11T16:51:00Z,101,-121.8179,37.39801
Berry Fire,2017-09-11T06:58:00Z,900,-121.81623,40.98352
Sweigert Fire ,2019-07-24T20:01:44Z,80,-121.807258,37.433192
Vallecitos Fire,2018-06-17T15:56:00Z,20,-121.806775,37.627119
York Fire,2017-10-15T14:55:00Z,31,-121.80377,36.5858
Nelson Fire ,2019-10-24T14:43:10Z,80,-121.800538,39.551423
Creek Fire,2018-08-04T17:32:00Z,30,-121.79733,37.533026
Sierra Fire,2016-07-30T17:25:00Z,114,-121.79669,37.41896
Morgan Fire,2018-11-15T13:31:00Z,20,-121.7944,37.81111
Alum Fire,2020-07-11T10:50:33Z,31,-121.79349,37.37731
Butte Fire,2018-07-31T17:34:00Z,1200,-121.792885,39.186144
Curie Fire,2018-07-10T15:08:00Z,70,-121.79189,37.22545
Campbell Fire,2014-01-02T20:00:00Z,865,-121.790183,40.134597
Dunstone Fire,2016-05-27T13:43:00Z,91,-121.78973,39.33035
Deer Complex,2017-07-08T02:20:00Z,231,-121.78677,37.87808
Shippee Fire,2018-06-26T12:56:00Z,460,-121.78208,39.59872
Uvas Fire,2013-07-12T13:09:00Z,50,-121.7804,37.1438
Butte Fire,2016-09-20T09:30:00Z,300,-121.78003,39.188321
36 Fire,2015-08-08T14:55:00Z,110,-121.7786799,40.3506868
Lane Fire,2018-06-23T11:38:00Z,3392,-121.77867,40.35068
Graham Fire,2022-06-10T11:51:07Z,100,-121.776,40.05
Coyote Fire,2021-07-09T16:41:27Z,110,-121.77593,41.28523
Rock Fire,2018-03-27T16:20:00Z,11,-121.77419,40.4635
Honey Flooding,2018-11-29T23:30:00Z,0,-121.77385,39.71217
Stoney Fire,2018-07-12T22:45:00Z,962,-121.76859,39.77124
Keeler Fire,2018-05-27T17:05:00Z,16,-121.76828,37.21803
Balfour Fire,2023-06-25T13:20:00Z,74,-121.7676,37.9143
Park Fire,2021-06-17T21:37:07Z,402,-121.76629,39.77144
Aborn Fire,2019-07-15T11:12:00Z,47,-121.7644444,37.32555556
Quimby Fire,2017-06-21T18:02:00Z,54,-121.76323,37.33454
Silicon Fire,2021-06-14T11:40:00Z,35,-121.76309,37.24042
Bayliss Fire,2019-08-15T13:44:02Z,60,-121.761974,37.219717
Quimby Fire,2018-09-23T16:23:00Z,30,-121.75815,37.33563
Laureles Fire,2015-09-19T15:25:00Z,95,-121.7556029,36.5696373
Skyway Fire,2017-06-16T09:27:00Z,134,-121.75417,39.69717
Estrada Fire,2021-10-15T14:40:39Z,148,-121.752106,37.013464
Reservation Fire,2017-07-16T11:17:00Z,40,-121.74826,36.66684
Concord Fire,2013-07-01T15:41:00Z,274,-121.74367,39.90465
Humboldt Fire,2017-07-19T16:02:00Z,103,-121.74121,39.76243
Vasco Fire,2013-06-08T10:16:00Z,240,-121.737213,37.775057
32 Fire,2019-06-15T15:29:00Z,17,-121.73659,39.76242
Cashe Fire ,2019-11-25T12:02:02Z,,-121.729691,38.734634
Silver Fire,2020-06-04T07:38:05Z,19,-121.726223,37.329163
99 Fire,2016-08-02T14:35:00Z,520,-121.7192,39.6708
Grant Fire,2013-12-31T05:30:00Z,40,-121.717706,37.342186
Ranch Fire,2017-06-29T13:56:00Z,85,-121.71752,37.3344
Santos Fire,2016-08-26T15:30:00Z,88,-121.71662,39.79547
Centerville Fire,2013-08-31T17:23:00Z,80,-121.713938,39.731878
32 Fire,2017-09-25T11:03:00Z,28,-121.7127,39.8255
Malech Fire,2019-06-09T14:29:00Z,210,-121.70768,37.21638
Hale Fire,2018-07-10T16:45:00Z,51,-121.702547,37.163594
Old Fire,2016-09-16T23:28:00Z,30,-121.6998,39.8851
Oak Fire,2016-09-01T14:36:00Z,25,-121.69784,37.11831
Marsh Fire,2022-06-09T14:21:00Z,159,-121.696808,37.895892
Coyote Fire,2019-07-02T16:10:02Z,74,-121.694968,37.18904
Hwy Fire,2019-09-28T17:48:10Z,300,-121.693472,39.622137
Whitlow Fire,2022-03-25T21:23:21Z,10,-121.692093,41.234712
Cemetery Fire,2023-08-09T14:00:00Z,68,-121.68793,39.377918
Park Fire,2018-10-07T12:57:00Z,63,-121.6869444,37.1769444
99 Fire,2022-06-22T12:00:00Z,66,-121.68694,39.37879
Mines Fire,2019-10-24T23:16:18Z,35,-121.68598,37.62782
Oak Fire,2016-08-12T16:00:00Z,25,-121.68577,37.06531
Felipe Fire,2017-07-10T15:54:00Z,70,-121.68562,37.25014
Coyote Fire,2020-08-21T14:36:08Z,143,-121.68465,37.18725
Carmel Fire,2020-08-18T14:24:01Z,6901,-121.68181,36.4463
Tilton Fire,2017-08-11T14:55:00Z,100,-121.68165,37.14653
Vasco Fire,2015-07-30T11:18:00Z,195,-121.68113,37.81629
Sellers Fire,2019-08-07T15:13:52Z,58,-121.678172,37.968494
Honey Fire,2017-10-09T15:05:00Z,150,-121.67261,39.74679
Cochrane Fire,2023-08-16T17:31:03Z,72,-121.67208,37.18725
Tesla Fire,2018-06-29T20:59:00Z,70,-121.67144,37.66074
Diablo Fire,2021-07-11T09:22:05Z,128,-121.667665,37.865193
Carroll Fire,2019-08-31T12:55:15Z,19,-121.657011,37.718636
Flynn Fire ,2022-07-19T19:08:46Z,121,-121.656106,37.719206
Nelson Fire,2022-06-30T15:18:00Z,328,-121.650851,39.524038
Wilbur Fire,2017-06-06T12:43:00Z,91,-121.64897,39.52499
Stump Fire,2020-08-01T16:39:21Z,684,-121.6415,40.34659
Cypress Complex,2019-10-27T08:50:23Z,200,-121.64118,37.99136
Par Fire,2018-07-04T13:30:00Z,191,-121.637759,39.491737
Clark Fire,2020-08-14T17:55:25Z,110,-121.633994,39.647686
Refuge Fire,2021-03-27T17:02:04Z,873,-121.627082,41.927772
Desabla Fire,2017-07-02T13:43:00Z,14,-121.6268,39.8629
Nimshew Fire,2018-09-24T00:41:00Z,33,-121.62168,39.84151
River Fire,2020-08-16T14:56:54Z,48088,-121.62161,36.60239
Holland Fire ,2020-07-20T18:04:37Z,75,-121.620238,37.977309
70 Fire,2018-06-14T15:18:00Z,20,-121.617698,39.602703
Wildlife Fire,2014-07-14T18:00:00Z,72,-121.6129,39.4664
Pacific Fire,2017-09-12T17:24:00Z,12,-121.60683,39.44257
Flynn Fire,2023-07-29T19:09:00Z,80,-121.6065,37.7356
Grant Fire,2018-07-08T17:38:00Z,480,-121.60646,37.75646
70 Fire,2016-06-21T15:09:00Z,49,-121.6051,39.43351
Anzar Fire,2022-07-21T15:21:00Z,104,-121.604728,36.8927679
Feather Fire,2020-07-20T16:09:57Z,30,-121.604579,39.506597
Grant Fire,2018-05-14T13:06:00Z,12,-121.6039,37.73835
Coal Fire,2016-06-20T16:38:00Z,112,-121.6008,39.595
Nelson Fire ,2020-06-17T12:54:12Z,95,-121.60037,39.52408
Corner Fire,2018-07-29T16:22:00Z,35,-121.6002,40.95673
Church Fire,2018-07-25T16:14:00Z,20,-121.600023,37.07793
Bally Fire,2017-09-03T19:17:00Z,100,-121.59899,36.99092
Mines Fire,2019-09-02T14:36:35Z,11,-121.596667,37.545167
Panther Fire,2013-05-01T09:12:00Z,6896,-121.595555,40.190062
Byron Fire,2020-04-27T14:59:04Z,47,-121.595225,37.82066
70 Fire,2016-05-29T16:51:00Z,30,-121.595093,39.624017
Hollow Fire,2020-07-16T18:14:18Z,253,-121.59374,37.64044
Corner Fire,2017-08-17T14:15:00Z,17,-121.5935,40.92602
River Fire,2021-04-19T20:29:35Z,80,-121.5896697,38.9743823
Tassajara Fire,2015-09-19T15:00:00Z,1086,-121.589554,36.3699644
Grant Fire,2013-07-04T10:00:00Z,50,-121.5869,37.7393
Mid Fire,2019-07-12T18:40:09Z,22,-121.586846,37.093243
Grant Fire,2016-06-25T16:11:00Z,211,-121.58677,37.74369
Paseo Fire,2021-06-25T14:23:00Z,37,-121.584194,37.118582
Moms Fire ,2019-07-23T14:41:00Z,10,-121.579738,39.423833
Grant Fire,2018-05-30T13:21:00Z,484,-121.57918,37.75375
Lone Fire,2017-06-22T11:10:00Z,111,-121.5786,39.38416
Lone Fire,2013-06-03T13:49:00Z,298,-121.576804,39.434183
Northern Region July Lightning,2013-07-02T12:00:00Z,754,-121.5747,39.9845
Northern California Lightning Activity,2013-06-10T00:46:00Z,60,-121.5747,39.9845
Stage Fire,2020-06-21T21:50:06Z,52,-121.57407,36.69845
Mountain Fire,2019-06-21T14:42:00Z,30,-121.57382,37.75427
Saddle Fire,2016-09-05T16:28:00Z,800,-121.571,39.6871
Soda Fire,2017-09-28T14:46:00Z,143,-121.56858,40.07613
Betabel Fire,2015-07-20T13:23:00Z,25,-121.5681,36.8727
Park Fire,2020-07-04T07:13:22Z,353,-121.567505,37.166733
Mines Fire,2017-08-27T17:45:00Z,44,-121.56425,37.56181
Levee Fire,2019-06-08T13:07:00Z,70,-121.56363,39.15641
Eiler Fire,2014-07-31T18:04:00Z,32416,-121.562,40.72
Willow Fire,2021-06-18T11:49:41Z,2877,-121.558858,36.151231
Patterson Fire,2019-08-21T17:56:05Z,139,-121.55867,37.71734
Oroville Spillway ,2017-02-07T14:00:00Z,0,-121.55633,39.51158
Tesla Fire,2022-06-23T17:39:00Z,552,-121.556086,37.365652
Patterson Fire,2018-07-25T16:05:00Z,34,-121.55604,37.71173
Castro Fire,2017-07-23T16:07:00Z,78,-121.55552,36.96607
Lakeland Fire,2017-07-04T15:45:00Z,18,-121.54722,39.53944
Ferry Fire,2020-10-22T14:43:49Z,6,-121.54475,39.51694
Powellton Fire,2018-10-15T11:57:00Z,10,-121.54103,39.93427
Honcut Fire,2020-06-20T14:24:00Z,89,-121.53976,39.36894
Hambone Fire,2021-08-06T11:11:37Z,55,-121.53946,41.68499
Honcut Fire,2017-07-10T14:45:00Z,166,-121.53865,39.37192
Hollow Fire,2019-07-03T15:34:12Z,283,-121.538382,37.63206
Bridle Fire,2018-07-06T10:40:00Z,116,-121.53586,37.06367
Patterson Fire,2020-07-06T16:04:20Z,150,-121.53524,37.71984
Mines Fire,2019-06-26T18:06:54Z,17,-121.534827,37.494136
Cherokee Fire,2017-10-08T21:45:00Z,8500,-121.52966,39.62496
Hollow Fire,2021-10-24T13:40:00Z,150,-121.52692,37.62879
Hat Fire,2018-08-09T14:34:00Z,1900,-121.52225,40.99344
Oregon Fire,2018-06-16T11:47:00Z,40,-121.521111,39.549167
Dark Fire,2018-07-10T12:42:00Z,11,-121.51772,39.66492
June Fire,2018-10-30T14:46:00Z,550,-121.51707,39.36529
Marsh Fire,2014-07-11T21:57:00Z,80,-121.5118,37.5359
SKU August Lightning Complex,2023-08-15T19:48:44Z,883,-121.5041,41.2477
Branch Fire,2013-08-01T16:01:00Z,92,-121.50354,39.6612
Crews Fire,2020-07-05T14:55:49Z,5513,-121.501532,37.034839
Corral Fire,2017-09-19T14:05:00Z,155,-121.49925,37.63358
Summit Fire,2013-10-04T17:37:00Z,305,-121.497,39.439
Encinal Fire,2014-03-19T16:45:00Z,400,-121.4819,36.6313
July Complex,2020-07-24T07:33:21Z,83261,-121.477,41.699
Candy Fire,2020-05-08T14:46:20Z,17,-121.47273,39.42208
Whiskey Fire,2019-07-16T18:44:15Z,90,-121.468074,37.962557
Mill Fire,2019-07-30T13:28:17Z,280,-121.466944,36.008889
Clayton Fire,2023-08-03T14:28:00Z,68,-121.464716,37.368648
Dillard Fire,2021-05-08T17:29:49Z,44,-121.45965,38.28328
Jamieson Fire,2019-08-25T13:06:49Z,35,-121.45597,37.034183
Teddy Fire,2020-06-18T22:33:51Z,13,-121.45372,39.37577
Sunset Fire,2018-08-01T13:11:00Z,695,-121.451307,38.82426
Fields Fire ,2020-10-07T06:06:33Z,56,-121.450982,39.181047
Camp Fire,2018-11-08T06:33:00Z,153336,-121.4347,39.8134
Baseline Fire ,2019-09-20T15:02:08Z,640,-121.432636,38.751648
Avacado Fire,2020-06-30T15:43:01Z,136,-121.4319,39.3784
Park Fire,2022-06-09T15:53:00Z,54,-121.431372,39.385829
Simmons Fire,2018-07-19T12:00:00Z,43,-121.43131,39.57202
Wilson Fire,2018-09-28T13:08:00Z,261,-121.43025,40.34256
Jan-Dar Fire,2022-07-04T18:51:58Z,30,-121.430071,39.42972
Bangor Fire,2016-09-22T11:45:00Z,130,-121.42647,39.4403
Heavy Range Fire,2019-08-10T18:47:02Z,33,-121.423281,39.171091
Coe Fire,2016-06-07T16:30:00Z,120,-121.42238,37.17072
Ridge Fire,2020-06-17T16:54:46Z,83,-121.42113,35.9497
Highway Fire,2017-06-22T09:49:00Z,21,-121.4143,39.364
Swedes Fire,2019-09-07T15:06:00Z,496,-121.412619,39.45296
Forbestown Fire,2019-09-06T15:18:52Z,58,-121.412333,39.470333
Wall Fire,2017-07-07T14:52:00Z,6033,-121.41222,39.45352
Jasper Fire,2017-09-26T15:20:00Z,26,-121.40947,39.03168
LaPorte Fire (Wind Complex),2017-10-09T00:57:00Z,6151,-121.40613,39.39455
Hidden Fire,2018-07-25T14:11:00Z,39,-121.40604,36.796
Sky Fire,2021-06-27T17:49:34Z,76,-121.406,40.039
Hidden Fire,2016-06-03T17:39:00Z,30,-121.40304,36.80296
Cascade Fire (Wind Complex),2017-10-08T23:03:00Z,9989,-121.4021,39.32198
Turkey Fire,2023-07-26T14:17:00Z,65,-121.399989,39.446994
Foster Fire ,2019-09-04T20:33:59Z,17,-121.39478,36.732866
Dyer Fire,2019-06-26T22:43:07Z,148,-121.39419,38.73817
Watt Fire,2019-06-07T12:59:00Z,27,-121.39259,38.75263
Watt Fire,2021-06-21T16:41:35Z,42,-121.39247,38.728881
Brandie Fire,2022-06-11T17:22:09Z,72,-121.392285,39.319804
Frog Fire,2015-07-30T17:45:00Z,4863,-121.392,41.399
Amoruso Fire,2020-06-01T15:52:43Z,670,-121.390862,38.824371
Dixie Fire,2021-07-13T17:15:00Z,963309,-121.389439,39.871306
Swedes Fire,2015-07-29T11:25:00Z,400,-121.38794,39.43963
Beale Fire,2016-08-18T15:35:00Z,389,-121.38775,36.16965
Swedes Fire,2013-08-16T16:37:00Z,2264,-121.38236,39.446268
Beale Fire,2020-08-02T22:24:59Z,600,-121.38178,39.11307
PFE Fire,2013-06-13T11:28:00Z,237,-121.380862,38.729297
Peoria Fire,2023-06-23T11:00:00Z,59,-121.3801,39.258
Robinson Fire,2020-07-13T15:06:35Z,33,-121.37994,39.43227
Watt Fire,2020-06-11T18:25:12Z,40,-121.378879,38.733421
Moore Fire,2016-06-21T12:24:00Z,88,-121.37704,38.86804
Twenty Fire,2017-05-29T15:31:00Z,10,-121.376,39.23205
Burney Lightning Series (Warner Fire),2013-08-19T17:48:00Z,196,-121.3754,40.5445
Tesla Fire,2015-08-19T14:45:00Z,2850,-121.3732,37.3845
Bay Fire,2022-07-08T13:10:00Z,30,-121.372749,39.300253
Rains Fire,2019-07-18T09:07:57Z,35,-121.371276,37.420988
Bikeway Fire,2019-07-05T09:46:01Z,25,-121.3697,37.469
Scott Fire,2023-06-15T17:26:28Z,115,-121.3686,39.3256
Bald Fire,2014-07-30T20:15:00Z,39736,-121.368,40.901
Sandra Fire,2022-06-30T16:08:11Z,34,-121.366789,39.480813
Bird Fire,2016-08-20T08:35:00Z,147,-121.36665,37.62215
Fairview Fire,2018-06-03T15:09:00Z,35,-121.36446,36.83036
Quail Fire,2021-05-12T20:48:43Z,35,-121.361339,39.2510745
Beale Fire,2021-06-13T19:39:00Z,150,-121.3587065,39.1956433
Spenceville Fire,2017-07-24T14:56:00Z,39,-121.3519,39.06522
Far Fire,2019-07-06T20:21:25Z,38,-121.35014,39.06066
Sicard Fire,2023-05-30T14:05:00Z,13,-121.3475,39.2349
Soledad Fire,2017-04-24T12:06:00Z,10,-121.34695,36.44141
Porter Fire,2022-07-09T15:36:05Z,166,-121.344587,39.020051
Cassel Fire,2014-07-05T18:44:00Z,75,-121.3415,40.5719
Karchner Fire,2020-06-05T09:04:00Z,39,-121.340239,38.98487
Riosa Fire,2022-07-17T12:27:36Z,38,-121.340201,38.9848309
Nelson Fire,2020-06-18T16:56:59Z,110,-121.33956,38.89178
Rebie Fire,2017-07-12T13:55:00Z,10,-121.33785,39.50475
Del Fire,2019-10-03T13:36:04Z,18,-121.336465,37.429506
Lumpkin Fire,2015-09-11T14:15:00Z,1040,-121.3363,39.5218
Valley Fire ,2020-07-15T17:18:23Z,500,-121.33589,39.10112
Intanko Fire,2021-06-08T13:59:00Z,939,-121.333346,39.084872
Range Fire,2023-06-04T17:38:50Z,72,-121.3319,36.4647
Arroyo Fire,2016-06-18T16:47:00Z,70,-121.3306,36.2833
Beale Fire,2017-08-20T14:44:00Z,867,-121.32957,39.1234
Cienega Fire,2015-10-12T16:00:00Z,690,-121.32734,36.70854
Foothills Fire,2019-11-25T12:39:44Z,308,-121.325842,38.838992
Scott Fire,2019-06-25T13:51:09Z,80,-121.32399,39.24678
Scott Fire,2019-06-24T11:57:00Z,80,-121.32399,39.24678
Willow Fire,2020-09-09T08:04:43Z,1311,-121.32361,39.3637
3-2 Willow (Previously H-1 Fire),2019-08-07T18:48:57Z,107,-121.320838,40.900458
Tobin Fire,2016-09-26T13:23:00Z,248,-121.32,39.92
Duluth Fire,2020-08-10T18:58:13Z,65,-121.318472,38.81111
McGanney Fire,2013-07-08T09:59:00Z,73,-121.31634,39.206
Valley Fire,2017-07-04T13:21:00Z,34,-121.30983,36.85596
Athens Fire,2016-05-17T15:06:00Z,169,-121.3090268,38.8390117
Glen Fire,2021-08-11T00:00:00Z,184,-121.30845,39.403918
Dode Fire,2017-07-13T15:23:00Z,410,-121.30451,41.72163
SCU Lightning Complex,2020-08-16T09:25:25Z,396624,-121.30435,37.439437
Apple Fire,2022-07-27T15:08:00Z,39,-121.304167,39.323167
West Fire,2017-07-08T16:47:00Z,50,-121.303,39.06308
Ponderosa Fire,2017-08-29T13:16:00Z,4016,-121.30209,39.57701
Battle Fire,2017-06-28T13:50:00Z,562,-121.29581,41.85763
Rock Fire,2019-06-25T08:54:24Z,2420,-121.28312,37.46577
Haycamp Fire,2018-02-07T15:53:00Z,50,-121.28185,35.96689
Winding Fire,2022-07-18T16:43:31Z,82,-121.27693,39.314076
3-16 Fire,2018-07-15T18:54:00Z,89,-121.27049,40.94666
Murphy Fire,2018-08-07T02:11:00Z,117,-121.27,39.996944
Hutto Fire,2014-07-07T16:35:00Z,38,-121.2687,39.1871
Little Fire,2014-08-12T15:00:00Z,101,-121.266,41.507
Cook Fire,2015-06-18T13:07:00Z,158,-121.26471,39.2688
Tucker Fire,2019-07-28T15:58:00Z,14217,-121.260305,41.79591
Coleman Fire,2016-06-04T14:33:00Z,2520,-121.25029,36.01542
Nacimiento Fire,2018-10-02T12:32:00Z,150,-121.24898,35.97677
Frenchtown Fire,2021-07-20T16:36:32Z,45,-121.24684,39.383922
Mayberry Fire ,2019-06-29T22:07:59Z,12,-121.23431,39.32889
Los Bueyes,2022-08-16T12:38:00Z,,-121.23129,36.003814
Pinnacles Fire,2021-07-28T00:00:00Z,171,-121.224797,36.476664
Canyon Fire,2019-05-30T16:19:00Z,144,-121.22093,37.45899
Muck Fire ,2020-06-29T12:35:41Z,12,-121.2199939,41.0336731
Point Fire ,2019-10-07T09:58:51Z,29,-121.219163,37.066483
Pass Fire,2020-06-28T13:28:53Z,2192,-121.21912,37.06641
3-10 Fire,2018-07-15T11:55:00Z,56,-121.21597,40.95234
Day Fire,2014-07-30T19:01:00Z,13153,-121.2144,41.1336
Garden Fire,2022-09-17T14:58:32Z,29,-121.2122,39.9929
3-8 Fire ,2022-08-08T02:30:00Z,14,-121.211449,41.060445
Liberty Fire,2020-06-17T15:49:46Z,89,-121.20828,38.23432
Sullivan Fire,2015-07-28T12:10:00Z,40,-121.20324,37.24523
Grant Fire,2020-06-12T12:41:17Z,5042,-121.201927,38.520981
Dinosaur Fire,2016-06-25T23:45:00Z,1246,-121.20155,37.07147
Metz Fire,2016-05-22T15:27:00Z,3876,-121.20059,36.38123
Diablo Fire,2013-07-12T15:35:00Z,150,-121.1955,37.436
Kramer Fire ,2015-08-29T16:06:00Z,30,-121.194256,41.12362
McCourtney Fire,2015-09-22T07:00:00Z,30,-121.194,39.081
Rices Fire,2022-06-28T14:00:00Z,904,-121.192271,39.319145
Francis Fire,2015-08-03T18:07:00Z,30,-121.18735,39.33303
Diablo Fire,2020-06-25T06:47:01Z,202,-121.18355,37.46265
Sperry Fire,2020-09-08T22:27:00Z,45,-121.18018,37.46377
Grant Fire,2018-06-29T15:46:00Z,30,-121.17693,38.595865
Dinosaur Fire,2018-06-17T15:09:00Z,185,-121.176354,37.05876
Meiss Fire,2020-08-13T17:01:18Z,512,-121.172572,38.474502
3-11 Fire,2015-07-23T16:40:00Z,116,-121.172117,41.29226
Clay Fire,2020-07-29T18:05:20Z,741,-121.17197,38.40329
Sperry Fire,2020-06-08T13:55:53Z,80,-121.16483,37.463636
Metz Fire,2018-09-13T15:37:00Z,411,-121.1563,36.35502
Baxter Fire,2015-07-22T18:17:00Z,26,-121.1548,38.9361
Luis Fire,2021-04-24T14:50:00Z,93,-121.143154,37.0953436
Garden Fire,2017-10-10T12:30:00Z,19,-121.13737,39.06414
North Fire,2015-06-16T16:42:00Z,60,-121.135426,38.260777
Pleasant Fire,2022-08-20T16:35:12Z,48,-121.1329,39.2805
Boys Fire,2016-09-11T11:25:00Z,40,-121.1309,38.558
Lobo Fire (Wind Complex),2017-10-08T00:01:00Z,821,-121.12792,39.24549
Baker Fire,2020-03-03T15:20:43Z,,-121.12381,39.45493
Browns Fire,2019-08-02T09:23:00Z,84,-121.123611,38.3525
Pleasant Fire,2017-08-30T15:38:00Z,392,-121.12004,39.34292
Sam Fire,2018-06-09T15:31:00Z,96,-121.11936,35.9352
Grant Fire,2022-07-14T17:46:00Z,74,-121.1183895,38.5570067
San Lucas Fire,2014-04-30T14:25:00Z,75,-121.117,36.103
Prairie Fire ,2019-08-02T14:45:00Z,50,-121.114095,38.622058
Clay Fire,2017-06-01T15:38:00Z,68,-121.11113,38.33707
Still Fire,2022-08-27T11:43:00Z,44,-121.1103,39.0543
Stuhr Fire ,2019-09-11T11:25:43Z,190,-121.110146,37.32585
Stuhr Fire,2018-05-29T12:58:00Z,63,-121.10903,37.32744
Tyler Fire,2013-08-31T14:42:00Z,52,-121.107022,39.333401
Perry Fire,2020-08-26T13:37:15Z,9,-121.10411,38.8825
Latrobe Fire,2017-07-26T14:45:00Z,1268,-121.104,38.5181
Scott Fire,2016-07-10T15:30:00Z,87,-121.103642,38.517772
Sophia Fire,2020-08-02T09:12:41Z,36,-121.103299,38.686478
Cottonwood Fire,2020-07-27T09:28:40Z,788,-121.101634,37.083806
3-12 Fire,2015-07-23T17:30:00Z,77,-121.101623,40.856422
Jones Fire,2020-08-17T08:00:32Z,705,-121.100352,39.29241
Stuhr Fire,2019-06-07T16:55:00Z,581,-121.09375,37.25988
Romero Fire,2018-06-24T16:11:00Z,68,-121.09354,37.08529
Liberty Fire,2018-06-11T12:16:00Z,62,-121.09199,38.24033
Hunter Fire,2020-06-21T16:29:28Z,195,-121.08753,35.90835
Lockwood Fire,2017-06-29T20:44:00Z,42,-121.08753,35.96275
Cotton Fire,2020-07-05T07:30:23Z,100,-121.086625,37.091637
50 Fire,2013-07-19T14:12:00Z,163,-121.08438,38.63987
McCourtney Fire (Wind Complex),2017-10-09T00:00:00Z,76,-121.08406,39.19325
Taglio Fire,2016-04-24T11:10:00Z,30,-121.08036,37.2171
Bitterwater Fire,2020-06-07T14:43:51Z,211,-121.0781,36.2644
Taglio Fire,1969-12-31T16:00:00Z,12,-121.07761,37.21812
Williams Fire,2023-10-06T15:47:00Z,44,-121.07148,36.0295
Oak Fire,2018-08-12T14:20:00Z,16,-121.07039,39.10494
Forebay Fire,2015-05-11T10:26:00Z,692,-121.06963,37.08312
Brewer Fire,2017-07-02T12:41:00Z,10,-121.06656,39.08382
Clay Fire,2016-06-03T16:57:00Z,32,-121.06452,38.3131
Rosado Fire,2017-07-12T13:51:00Z,13,-121.06088,38.67474
Shingle Fire,2018-07-04T17:09:00Z,316,-121.059979,38.539806
Auburn Fire,2016-09-17T13:40:00Z,47,-121.05948,39.20427
Basalt Fire,2021-07-09T13:26:01Z,92,-121.05758,37.06047
3-18 Fire,2018-07-15T16:45:00Z,32,-121.05722,41.08583
Lone Fire,2019-09-06T11:34:27Z,5737,-121.056,41.748
Old Fire,2016-06-12T12:45:00Z,83,-121.04993,36.49914
Panoche Fire,2018-07-11T16:40:00Z,278,-121.0454,36.65351
Ione Fire ,2020-07-26T12:57:35Z,51,-121.044895,38.420382
Cove Fire,2017-09-23T15:40:00Z,25,-121.04445,35.76343
Coyote Fire,2020-07-15T14:04:08Z,1485,-121.04401,36.653
Stone Fire,2018-08-15T18:05:00Z,39387,-121.04386,41.38544
Bennett Fire,2021-08-25T15:33:00Z,59,-121.040771,39.216752
Largo Fire,2017-07-30T01:45:00Z,236,-121.039267,38.538332
Pony Fire,2020-10-03T15:38:00Z,20,-121.039236,38.464074
Omega Fire,2018-08-01T14:40:00Z,66,-121.03918,38.82128
Bryson Fire,2016-05-12T14:13:00Z,25,-121.0381507,35.8378273
Bridge Fire,2021-09-05T12:53:14Z,411,-121.036613,38.921239
Fox Fire (formally 3-7 Fire),2013-07-03T22:56:00Z,502,-121.035,41.2415
Salmon Fire,2021-05-01T21:02:48Z,32,-121.034998,38.773294
Dixie Fire,2015-06-19T16:15:00Z,60,-121.033667,40.875667
Panoche Fire,2018-06-04T23:17:00Z,64,-121.03253,36.64832
Interlake Fire,2014-07-07T16:12:00Z,47,-121.0226,35.8218
Plaza Fire,2018-05-20T13:07:00Z,88,-121.01638,37.056944
Deer Fire,2015-07-10T12:41:00Z,95,-121.0157,35.7183
River Fire,2021-08-04T08:00:00Z,2619,-121.01468,39.08805
Settlers Fire,2021-05-19T14:56:00Z,45,-121.01365,38.56101
Equestrian Fire,2021-06-16T14:03:42Z,10,-121.01273,38.79988
Rosa Fire,2022-09-06T15:15:00Z,16,-121.012313,35.580125
Liberty Fire,2023-07-11T18:11:00Z,71,-121.0089,38.2387
152 Fire,2013-06-04T15:42:00Z,124,-121.006939,37.03776
Lambert Fire,2020-10-04T12:46:20Z,21,-121.006635,38.424016
Bitterwater Fire,2017-11-25T16:46:00Z,47,-121.00391,36.38109
Rancho Fire,2016-06-28T19:02:00Z,372,-121.003611,38.385
Copper Fire ,2020-09-30T13:09:00Z,48,-121.003602,38.49375
Storksbill Fire,2016-07-22T13:15:00Z,50,-121.00299,38.79549
Long Fire,2019-06-28T15:03:04Z,2,-121.0005556,39.40972222
Olive Fire,2015-09-02T13:18:00Z,72,-121,26.42
Dog Bar Fire,2014-09-13T14:07:00Z,247,-120.999508,39.113682
Bitterwater Fire,2017-05-22T04:50:00Z,21,-120.99552,36.35578
Airline Fire,2018-06-04T17:01:00Z,1314,-120.99322,36.40755
Jolon Fire,2019-09-01T16:35:55Z,66,-120.992914,35.906482
Cronan Fire ,2020-06-09T14:35:25Z,29,-120.988571,38.827755
Carbon Fire,2023-07-11T15:10:27Z,58,-120.98731,38.43948
Panoche Fire,2021-06-23T13:38:00Z,145,-120.987172,36.63228
Lake Fire,2019-07-29T15:43:48Z,306,-120.984167,35.908333
Pleyto Fire,2017-06-11T18:12:00Z,32,-120.983684,35.902149
Chimney Fire,2016-08-13T16:03:00Z,46235,-120.98316,35.70595
Hernandez Fire,2023-08-10T18:47:45Z,75,-120.9783812,36.4392121
Minerva Fire,2017-07-29T18:55:00Z,4310,-120.9761,39.9034
Grizzly Fire,2017-07-21T16:50:00Z,10,-120.97586,39.36902
Green Fire,2023-10-06T12:05:00Z,243,-120.9739,35.5421
Camp Fire,2018-07-17T11:13:00Z,14,-120.97339,35.70086
Axel Fire,2017-07-08T16:38:00Z,74,-120.97111,38.7803
Gage Fire,2020-06-28T15:58:46Z,33,-120.96759,35.69993
Roadrunner Fire,2013-06-12T16:43:00Z,96,-120.966016,38.27783
Lynch Fire,2017-10-13T12:14:00Z,73,-120.96514,35.78616
Chaparral Fire,2019-09-29T21:44:45Z,22,-120.965105,38.538467
Cameron Fire,2020-10-18T20:42:24Z,15,-120.964726,38.659387
Antelope Fire,2017-07-06T13:00:00Z,0,-120.9643,40.6361
Goose Fire,2021-06-13T16:01:34Z,67,-120.9608439,38.3046414
Rail Fire,2013-09-07T17:30:00Z,68,-120.959,41.569
Coyote Fire,2013-08-09T15:51:00Z,97,-120.958126,40.88886
Greenhorn Fire,2017-07-27T14:49:00Z,15,-120.95498,39.16826
Irish Fire,2018-07-06T14:42:00Z,825,-120.95408,38.42623
Oak Fire,2022-08-15T15:48:00Z,19244,-120.9526,39.04941
Rock Fire,2018-07-21T15:50:00Z,30,-120.95157,35.68539
Lonoak Fire,2019-06-25T09:18:22Z,2546,-120.94771,36.28426
Country Fire,2019-09-03T14:57:31Z,85,-120.946657,38.898915
Waverly Fire,2018-06-29T15:11:00Z,11789,-120.945482,38.052055
Flood Fire ,2019-09-05T14:33:01Z,44,-120.945044,38.017138
Lonoak Fire,2017-05-17T15:18:00Z,17,-120.94328,36.2771
Brandon Fire,2020-07-07T16:06:21Z,32,-120.941267,38.58488
Trailhead Fire,2016-06-28T13:55:00Z,5645,-120.9375,38.96741
Tres Pinos Fire,2013-05-03T11:42:00Z,354,-120.937494,37.160346
Shore Fire,2017-06-16T15:49:00Z,32,-120.93371,35.90092
Copper Fire,2018-09-22T14:41:00Z,53,-120.93005,40.33642
Lowe Fire,2016-06-23T17:57:00Z,52,-120.9293,36.1934
Bitter Fire ,2020-06-16T14:11:55Z,813,-120.92925,36.3011
Sliger Fire,2018-09-04T15:03:00Z,150,-120.92611,38.94388
Nacimiento Fire,2017-05-14T12:00:00Z,20,-120.92482,35.77082
Gold Fire,2020-07-20T14:12:25Z,22614,-120.923293,41.11037
Latrobe Fire,2017-06-27T07:39:00Z,35,-120.92162,38.45822
Mills File,2017-09-03T20:32:00Z,79,-120.9204,40.13278
Resort Fire,2018-06-03T16:11:00Z,12,-120.91793,35.75737
French Fire,2017-09-17T15:18:00Z,136,-120.915,38.5758
Cottontail Fire,2013-05-20T15:45:00Z,35,-120.91375,35.49864
Howard Fire,2016-09-11T14:15:00Z,380,-120.9066,41.4657
Power Fire,2017-09-20T21:07:00Z,48,-120.90462,36.94652
Gulch Fire,2014-07-03T15:46:00Z,1469,-120.904,41.489
Shelton Fire,2013-05-30T11:20:00Z,303,-120.90325,38.04993
Camanche Fire,2016-06-17T14:54:00Z,210,-120.90265,38.26874
Eastern Fire,2018-06-04T17:30:00Z,513,-120.901167,36.378333
Panoche Fire,2023-06-03T14:26:46Z,65,-120.8991,36.7536
Toll Fire,2017-08-20T16:26:00Z,186,-120.89746,39.9864
Freeman Fire,2013-06-29T14:09:00Z,105,-120.8973,36.1531
Wright Fire,2017-05-12T15:30:00Z,1733,-120.89261,36.96655
China Fire,2018-06-17T13:58:00Z,17,-120.892404,38.265645
Greenstone Fire ,2019-08-14T16:07:49Z,16,-120.890556,38.703889
Feather Fire,2020-08-13T19:03:25Z,,-120.889438,39.716713
RV Fire,2023-08-01T13:54:00Z,29,-120.8839,36.9648
Ardo Fire,2019-06-12T17:23:00Z,43,-120.88241,35.97059
Lowell Fire,2015-07-25T14:37:00Z,2304,-120.882313,39.192088
Rico Fire ,2020-06-22T15:55:55Z,348,-120.87858,35.9789
Murphy Fire,2020-08-17T20:06:44Z,14,-120.876546,38.840068
Steins Fire,2021-06-26T13:05:41Z,11,-120.876096,38.659971
Pine Fire,2017-09-11T15:11:00Z,43,-120.87609,36.17297
Alvarado Fire,2017-06-28T09:30:00Z,15,-120.87492,35.947
Bumper Fire,2018-08-01T13:57:00Z,67,-120.874167,38.645
South Fire,2018-08-06T16:26:00Z,290,-120.872244,38.061298
257 Fire,2020-11-17T12:47:00Z,49,-120.87054,41.4435
Whaleback Fire,2018-07-27T13:32:00Z,18703,-120.868091,40.633536
Campo Fire,2016-06-27T18:00:00Z,33,-120.8678,38.22017
Robie Fire,2021-07-30T00:00:00Z,153,-120.867498,38.054116
Pine Fire,2017-05-16T16:10:00Z,18,-120.86682,36.1727