Name,Size,Year,Latitude,Longitude
Somesbar,60,1977,41.383330,-123.500000
Canyon City,8600,1875,40.900000,-123.100000
Salem,61.4,1981,44.979170,-122.969440
Sam's Valley,6920,1894,42.533330,-122.875000
Willamette,15500000,1902,45.366670,-122.583330
Tacoma,16.7,1925,47.250000,-122.416670
Washougal,225,1939,45.583330,-122.350000
Klamath Falls,17000,1952,42.166670,-121.850000
Oroville,24500,1893,39.683330,-121.633330
Bruceville,83000,1998,38.295000,-121.405000
Shingle Springs,39000,1869,38.666670,-120.933330
Sutter's Mill,992.5,2012,38.803890,-120.908060
Fitzwater Pass,65.400000000000000,1974,42.038390,-120.589420
Goose Lake,1169500,1938,41.980000,-120.541670
Waterville,37125,1917,47.767778,-119.876389
Withrow,8732,1950,47.706670,-119.830000
Red Canyon Lake,18.41,2007,38.137420,-119.758120
Morrow County,18200,1999,45.500000,-119.500000
Ventura,7700,1953,34.250000,-119.300000
Black Rock 001,152,2003,40.867170,-119.183520
Kumiva Valley,30.15,2001,40.379720,-119.086390
San Emigdio,36000,1887,36.000000,-119.000000
Hot Springs,4700,1995,39.666670,-118.966670
Bluewing 029,83.8,2006,40.262800,-118.959120
Bluewing 007,324,1999,40.282470,-118.948720
Bluewing 006,355,1999,40.283380,-118.948080
Bluewing 002,23,1999,40.241480,-118.947630
Bluewing 037,37.200000000000000,2009,40.281900,-118.946930
Bluewing 005,7200,1999,40.285630,-118.946570
Bluewing 008,451.7,2001,40.279570,-118.946420
Bluewing 004,113,1999,40.275370,-118.946100
Bluewing 003,95,1999,40.267520,-118.943080
Bluewing 001,6.1,2000,40.249500,-118.936830
Bluewing 030,18.810000000000000,1999,40.266670,-118.933330
Bluewing 031,170,1999,40.266670,-118.933330
Bluewing 032,78,1999,40.266670,-118.933330
Bluewing 033,287.44,1999,40.266670,-118.933330
Bluewing 034,34,1999,40.266670,-118.933330
Bluewing 035,12.56,1999,40.266670,-118.933330
Bluewing 036,10.47,1999,40.266670,-118.933330
Mandalay Spring,2854,2012,40.892010,-118.553190
Antelope,754,2012,40.901830,-118.544650
Sawtooth Knob,18.54,2002,40.862170,-118.541670
Neenach,13800,1948,34.800000,-118.500000
Smokey Spring,254,2011,40.954650,-118.496930
Majuba 002,2420,2003,40.628320,-118.416700
Majuba,370,1999,40.626500,-118.410330
Majuba 003,1306,2003,40.630780,-118.409180
Majuba 007,1823.3,2007,40.616670,-118.384720
Jungo 001,70.7,2007,40.890550,-118.362780
Jungo 002,27.8,2007,40.898050,-118.353880
Jungo 003,29.1,2007,40.958050,-118.353050
Imlay,770,2009,40.740180,-118.172850
Rosamond,11.1,2012,34.827930,-118.146400
Chuckwalla,1802,1992,35.250000,-118.090670
Rosamond Dry Lake,850,1940,34.833330,-118.066670
Owens Valley,192800,1913,37.466670,-118.000000
Littlerock,19050,1979,34.516670,-117.983330
Red Rock,47600,1976,35.416670,-117.916670
Muroc,18.400000000000000,1936,34.916670,-117.833330
Muroc Dry Lake,223,1936,34.916670,-117.833330
Randsburg,112.9,2005,35.400500,-117.666170
San Juan Capistrano,56,1973,33.484720,-117.662500
Tungsten Mountain 001,31.73,2000,39.636110,-117.654720
Johannesburg,63,2012,35.377880,-117.637280
Tungsten Mountain 204,41.6,2005,39.678880,-117.629450
Tungsten Mountain 009,31,2001,39.680350,-117.629180
Tungsten Mountain 563,9.300000000000000,2007,39.677200,-117.628580
Tungsten Mountain 008,7,2001,39.680720,-117.627780
Tungsten Mountain 113,4.48,2004,39.679170,-117.626750
Tungsten Mountain 542,4.6,2007,39.687200,-117.626180
Tungsten Mountain 541,5.7,2007,39.688400,-117.624220
Tungsten Mountain 533,25.3,2007,39.689450,-117.623580
Tungsten Mountain 535,26.1,2007,39.689080,-117.622570
Tungsten Mountain 007,44,2001,39.685180,-117.621050
Tungsten Mountain 003,7.8,2001,39.684490,-117.620720
Tungsten Mountain 010,13.4,2001,39.684320,-117.620520
Tungsten Mountain 543,18.100000000000000,2007,39.689380,-117.620320
Tungsten Mountain 004,8.1,2001,39.684440,-117.620220
Tungsten Mountain 006,8.800000000000000,2001,39.684360,-117.620180
Tungsten Mountain 005,4.7,2001,39.684400,-117.620070
Tungsten Mountain 573,68,2010,39.689730,-117.618220
Tungsten Mountain 011,186.52,2003,39.683333,-117.616667
Tungsten Mountain 572,10.7,2007,39.681050,-117.613250
Tungsten Mountain 002,11.3,2001,39.673570,-117.604320
El Mirage Dry Lake 004,271,2011,34.657830,-117.598920
El Mirage Dry Lake 001,1.5,2000,34.654330,-117.596380
El Mirage Dry Lake 002,13,2001,34.646670,-117.581080
Ridgecrest,9.69,1958,35.583330,-117.566670
El Mirage Dry Lake 003,6.9,2010,34.634320,-117.562170
Cuddeback Dry Lake 008,18.02,2000,35.283330,-117.483330
Cuddeback Dry Lake 017,23.1,2008,35.285280,-117.483050
Cuddeback Dry Lake 018,8.5,2008,35.286380,-117.483050
Cuddeback Dry Lake 023,123,1986,35.324800,-117.479830
Cuddeback Dry Lake 011,10.69,2000,35.275800,-117.478770
Cuddeback Dry Lake 002,95,2000,35.275500,-117.478330
Cuddeback Dry Lake 028,19.5,2008,35.296000,-117.472000
Cuddeback Dry Lake 029,22.2,2008,35.296000,-117.472000
Cuddeback Dry Lake 003,7.5,2000,35.291830,-117.470670
Cuddeback Dry Lake 001,32.5,1999,35.295750,-117.466800
Cuddeback Dry Lake 009,19,2000,35.318330,-117.466670
Cuddeback Dry Lake 021,31.72,2004,35.300000,-117.460500
Cuddeback Dry Lake 004,40,2000,35.302330,-117.460170
Cuddeback Dry Lake 019,10.1,2008,35.304550,-117.458170
Cuddeback Dry Lake 010,10.5,2000,35.311200,-117.454650
Cuddeback Dry Lake 007,96.7,2000,35.311400,-117.453420
Cuddeback Dry Lake 005,35,2000,35.312320,-117.453150
Cuddeback Dry Lake 013,1.6,2008,35.312180,-117.453030
Cuddeback Dry Lake 012,0.72,2002,35.312170,-117.453000
Cuddeback Dry Lake 006,0.5,2000,35.312270,-117.453000
Alkali,30.47,1998,37.866670,-117.400000
Harper Dry Lake 003,95,1999,35.042500,-117.308370
Harper Dry Lake 006,26,1999,35.047220,-117.307520
Harper Dry Lake 001,13,1999,35.051020,-117.306720
Harper Dry Lake 004,37,1999,35.055230,-117.302570
Harper Dry Lake 005,24,1999,35.050630,-117.301880
Harper Dry Lake 002,12,1999,35.050670,-117.300950
Harper Dry Lake 036,85.5,2010,35.033330,-117.283330
Harper Dry Lake 018,39.700000000000000,2007,35.042100,-117.275120
Harper Dry Lake 017,16.400000000000000,2007,35.041020,-117.274650
Harper Dry Lake 019,118.7,2007,35.040150,-117.272830
Harper Dry Lake 029,11.56,2008,35.045680,-117.266580
Harper Dry Lake 007,166.7,2000,35.049530,-117.263570
Harper Dry Lake 008,12.5,2000,35.051930,-117.261380
Albion,12280,1966,46.833330,-117.250000
Battle Mountain,2900,2012,40.668130,-117.189130
Superior Valley 002,145,2000,35.223580,-117.113600
Superior Valley 001,3.4,2000,35.254480,-117.109720
Superior Valley 004,15.3,2001,35.235330,-117.100500
Superior Valley 003,65.600000000000000,2001,35.247420,-117.099900
Colton,19670,1993,46.570560,-117.098610
Bonnie Claire 001,23.03,1998,37.216670,-117.083330
Bonnie Claire 002,80.8,1998,37.216670,-117.083330
Superior Valley 026,15.8,2006,35.236250,-117.046380
Superior Valley 009,116.42,2001,35.235830,-117.044000
Superior Valley 008,77.44,2001,35.236000,-117.044000
Superior Valley 010,26.26,2001,35.236330,-117.043170
Superior Valley 011,2.52,2001,35.236170,-117.043000
Superior Valley 014,1.77,2002,35.236000,-117.042120
Superior Valley 013,2.74,2002,35.233330,-117.039450
Superior Valley 018,2.74,2002,35.236670,-117.039450
Superior Valley 005,32.92,2001,35.238000,-117.036500
Superior Valley 007,67.210000000000000,2001,35.238330,-117.032830
Superior Valley 006,78.5,2001,35.238830,-117.026670
Superior Valley 020,307.75,2003,35.238580,-117.026280
Mud Dry Lake,18255,2002,37.859400,-117.020970
Superior Valley 022,38.9,2004,35.237050,-117.016180
Rabbit Dry Lake,20,2000,34.445670,-117.010830
Parma Canyon,2150,1940,43.800000,-117.000000
Lucerne Valley 089,2.6,2007,34.489720,-116.981280
Lucerne Valley 091,12.7,2007,34.480750,-116.978800
Lucerne Valley 093,3.93,2007,34.488700,-116.978800
Lucerne Valley 090,30.7,2007,34.488230,-116.977970
Lucerne Valley 047,30.43,2004,34.486130,-116.973900
Lucerne Valley 046,10.32,2004,34.487420,-116.973500
Lucerne Valley 057,13.15,2005,34.486000,-116.972750
Lucerne Valley 045,38.56,2004,34.487000,-116.965120
Lucerne Valley 014,3.4,1998,34.501330,-116.964670
Lucerne Valley 042,2.17,2004,34.485950,-116.963700
Lucerne Valley 043,1.75,2004,34.484570,-116.962550
Lucerne Valley 094,3.5,2008,34.487120,-116.961470
Lucerne Valley 049,9.200000000000000,2004,34.484720,-116.961070
Lucerne Valley 044,106.22,2004,34.484130,-116.960830
Lucerne Valley 100,0.8,2008,34.487380,-116.960650
Lucerne Valley 099,3.2,2008,34.487330,-116.960550
Lucerne Valley 095,1.1,2008,34.486570,-116.959200
Lucerne Valley 035,0.92,2004,34.486800,-116.958370
Lucerne Valley 048,2.29,2004,34.486670,-116.958330
Lucerne Valley 050,6.85,2005,34.487280,-116.958330
Lucerne Valley 030,4.12,2004,34.487080,-116.957970
Lucerne Valley 031,3.22,2004,34.487100,-116.957800
Lucerne Valley 097,6.5,2008,34.485650,-116.956730
Lucerne Valley 096,7.3,2008,34.486620,-116.956400
Lucerne Valley 036,2.48,2004,34.487930,-116.956380
Lucerne Valley 029,10.1,2003,34.487000,-116.956000
Lucerne Valley 098,1.5,2008,34.487030,-116.955950
Lucerne Valley 101,4,2008,34.485980,-116.955930
Lucerne Valley 015,12.5,1998,34.509500,-116.955830
Lucerne Valley 028,3,2003,34.487500,-116.955670
Lucerne Valley 027,3.1,2003,34.487150,-116.953370
Lucerne Valley 051,6,2003,34.525000,-116.953330
Lucerne Valley 092,0.6,2007,34.481480,-116.953250
Lucerne Valley 037,0.9,2004,34.488870,-116.952230
Lucerne Valley 016,4.1,1998,34.512500,-116.950830
Lucerne Valley 023,7.56,2002,34.490950,-116.950380
Lucerne Valley 022,16.490000000000000,2002,34.490580,-116.950320
Lucerne Valley 120,43.1,2010,34.483880,-116.950100
Lucerne Valley 001,15.8,1963,34.500000,-116.950000
Lucerne Valley 002,5.8,1963,34.500000,-116.950000
Lucerne Valley 003,7.5,1963,34.500000,-116.950000
Lucerne Valley 004,37.4,1963,34.500000,-116.950000
Lucerne Valley 005,3.1,1963,34.500000,-116.950000
Lucerne Valley 006,26.9,1963,34.500000,-116.950000
Lucerne Valley 007,4.8,1963,34.500000,-116.950000
Lucerne Valley 008,2,1964,34.500000,-116.950000
Lucerne Valley 009,3,1965,34.500000,-116.950000
Lucerne Valley 010,6.4,1965,34.500000,-116.950000
Lucerne Valley 011,3.8,1968,34.500000,-116.950000
Lucerne Valley 012,1.2,1968,34.500000,-116.950000
Lucerne Valley 013,14,1992,34.500000,-116.950000
Lucerne Valley 017,12.8,1999,34.500000,-116.950000
Lucerne Valley 019,3.91,2002,34.488680,-116.949850
Lucerne Valley 032,11.87,2004,34.490150,-116.949850
Lucerne Valley 018,0.97,2002,34.487930,-116.948800
Lucerne Valley 024,2.71,2003,34.495530,-116.947100
Lucerne Valley 021,3.92,2002,34.493120,-116.946620
Lucerne Valley 040,5.21,2004,34.492100,-116.943080
Lucerne Valley 020,18.400000000000000,2002,34.491800,-116.943000
Lucerne Valley 041,0.84,2004,34.489750,-116.942770
Lucerne Valley 026,5.6,2003,34.500100,-116.942170
Lucerne Valley 058,0.85,2006,34.510920,-116.939620
Lucerne Valley 025,21,2003,34.510870,-116.935450
Wilder,26600,1982,43.724440,-116.911670
Goldstone Dry Lake,1.1,1999,35.373330,-116.908330
Coyote Dry Lake 033,5220,1999,35.056050,-116.776300
Coyote Dry Lake 064,1364.31,1999,35.058170,-116.774300
Coyote Dry Lake 164,43,2002,35.058350,-116.774030
Coyote Dry Lake 063,67.61,1999,35.058780,-116.773000
Coyote Dry Lake 024,2430,1999,35.071500,-116.772050
Coyote Dry Lake 276,47.2,2006,35.071180,-116.771620
Coyote Dry Lake 163,16.66,2002,35.070000,-116.770000
Coyote Dry Lake 155,17.02,2001,35.068470,-116.769050
Coyote Dry Lake 116,4.4,1999,35.058470,-116.769000
Coyote Dry Lake 274,7.5,2006,35.059020,-116.768920
Coyote Dry Lake 115,1369,1999,35.058650,-116.768720
Coyote Dry Lake 159,17.7,2001,35.058650,-116.768720
Coyote Dry Lake 120,18.5,1999,35.058930,-116.768720
Coyote Dry Lake 121,14.2,1999,35.059470,-116.768500
Coyote Dry Lake 162,9.870000000000000,2002,35.078020,-116.767770
Coyote Dry Lake 275,16.2,2006,35.051220,-116.767420
Coyote Dry Lake 105,61.5,1999,35.050730,-116.766980
Coyote Dry Lake 001,338,1995,35.050170,-116.766830
Coyote Dry Lake 061,2134,1999,35.052420,-116.766700
Coyote Dry Lake 138,18.3,2000,35.052830,-116.766450
Coyote Dry Lake 139,10.4,2000,35.052830,-116.765380
Coyote Dry Lake 153,13.87,2001,35.073620,-116.763720
Coyote Dry Lake 277,21.3,2006,35.074200,-116.763700
Coyote Dry Lake 040,344,1999,35.093730,-116.763430
Coyote Dry Lake 160,76.88,2002,35.061520,-116.762950
Coyote Dry Lake 165,42.57,2002,35.068880,-116.761970
Coyote Dry Lake 080,278.10000000000000,1999,35.074020,-116.761170
Coyote Dry Lake 134,117.5,2000,35.092500,-116.760830
Coyote Dry Lake 223,512,2004,35.038420,-116.758180
Coyote Dry Lake 222,22.5,2004,35.040080,-116.755530
Coyote Dry Lake 175,36.35,2002,35.054750,-116.754320
Coyote Dry Lake 003,255.72,1998,35.088080,-116.753980
Coyote Dry Lake 067,412.05,1999,35.038150,-116.753100
Coyote Dry Lake 119,3.2,1999,35.038150,-116.753100
Coyote Dry Lake 194,1.47,2004,35.088380,-116.752830
Coyote Dry Lake 318,7.2,2009,35.075100,-116.750380
Coyote Dry Lake 129,140,2000,35.069170,-116.750200
Coyote Dry Lake 230,16.36,2004,35.089580,-116.750070
Coyote Dry Lake 130,6.1,2000,35.067850,-116.749400
Coyote Dry Lake 142,32.22,2000,35.067250,-116.748530
Coyote Dry Lake 132,17.400000000000000,2000,35.070280,-116.748470
Coyote Dry Lake 054,392.8,1999,35.076670,-116.746670
Coyote Dry Lake 249,71.8,2004,35.087580,-116.746030
Coyote Dry Lake 117,162,1999,35.050100,-116.744430
Coyote Dry Lake 110,68.02,1999,35.046250,-116.735470
Coyote Dry Lake 235,81.400000000000000,2004,35.056280,-116.733770
Coyote Dry Lake 002,106.7,1998,35.047530,-116.730920
Coyote Dry Lake 176,187.55,2003,35.054520,-116.730050
Coyote Dry Lake 151,90.04,2001,35.056020,-116.723680
Coyote Dry Lake 152,10.84,2001,35.056070,-116.723650
Coyote Dry Lake 221,54.31,2003,35.057170,-116.720500
Quartz Mountain,4832,1935,37.200000,-116.700000
Tamarack,41,2004,44.933890,-116.431670
Borrego,2126,1930,33.266670,-116.383330
Old Dominion Mine,42,2000,34.859580,-116.221130
Chicago Valley,26,2004,36.002170,-116.196330
Stewart Valley 004,58.9,2001,36.255470,-116.185520
Stewart Valley 012,130,2012,36.235000,-116.183580
Stewart Valley 005,62,2001,36.229070,-116.179350
Silurian Dry Lake,43.8,2000,35.517520,-116.176070
Stewart Valley 007,8.700000000000000,2001,36.237220,-116.172420
Stewart Valley 008,4.2,2001,36.237430,-116.172230
Stewart Valley 006,20.100000000000000,2001,36.237280,-116.172200
Stewart Valley 001,75.600000000000000,2001,36.205800,-116.170420
Stewart Valley 002,28.9,2001,36.207580,-116.169180
Stewart Valley 011,49.6,2003,36.210170,-116.168250
Stewart Valley 003,6.8,2001,36.211530,-116.167850
Stewart Valley 009,375,2003,36.175570,-116.159000
Stewart Valley 010,41.7,2003,36.184720,-116.143420
Silver Dry Lake 001,218.8,2000,35.373330,-116.125000
Silver Dry Lake 002,16.5,2000,35.344430,-116.114850
Ocotillo,28570,1990,32.833330,-116.066670
Twentynine Palms,19700,1944,34.075000,-116.016670
Lunar Dry Lake,32.5,2003,38.399180,-115.996700
Diamond Valley,440,2001,40.081730,-115.936730
Surprise Springs,1500,1899,34.166670,-115.916670
Stump Spring 083,13700,2010,35.987280,-115.858280
Pinto Mountains,17900,1954,34.000000,-115.783330
Dale Dry Lake,300,1957,34.083330,-115.783330
Superstition Mountain,333,2000,32.870830,-115.782500
San Bernardino Wash,258,2010,34.000560,-115.729720
Valley Wells,129.9,1929,35.466670,-115.666670
Imperial,4,1908,32.866670,-115.583330
Sheephole Valley,62.1,1999,34.125000,-115.563330
Sheephole Valley 002,4.4,1999,34.125000,-115.563330
Quinn Canyon,1450000,1908,38.083330,-115.533330
Blue Eagle,70,2006,38.661670,-115.518330
Signal Mountain,63500,1919,32.500000,-115.500000
Devil Peak,34.700000000000000,1999,35.659170,-115.372830
Roach Dry Lake 031,36.200000000000000,2002,35.670100,-115.372480
Roach Dry Lake 002,5,2000,35.659330,-115.371670
Roach Dry Lake 113,39.6,2010,35.665940,-115.370810
Roach Dry Lake 030,10.130000000000000,2002,35.674050,-115.368070
Roach Dry Lake 003,4.2,2000,35.671700,-115.367220
Roach Dry Lake 021,59.2,2001,35.672980,-115.367170
Roach,10.56,1998,35.633330,-115.366670
Primm,3383,1997,35.666670,-115.366670
Roach Dry Lake 064,18.260000000000000,2002,35.677250,-115.356600
Roach Dry Lake 075,29.9,2002,35.673550,-115.350670
Roach Dry Lake 006,6.53,2001,35.683450,-115.347030
Willow Wash,552,2006,35.373580,-115.343880
Roach Dry Lake 027,18.650000000000000,2002,35.680780,-115.340620
Beer Bottle Pass,8.9,1999,35.661170,-115.333330
Ivanpah,58000,1880,35.333330,-115.316670
Old Woman,2753000,1976,34.466670,-115.233330
Danby Dry Lake,8991,2000,34.216667,-115.050000
Essex,5000,2002,34.611670,-115.033330
Coyote Spring,240,2005,36.993670,-114.993670
Starvation Flat,1250,2002,36.784500,-114.949670
Paymaster Mine,159,2004,33.186670,-114.917830
Chocolate Mountains,699,2004,33.012220,-114.866670
Jerome (Idaho),6800,1954,42.633330,-114.833330
Needles,45300,1962,34.444170,-114.832500
Dry Lake Valley,3.5,2000,37.726830,-114.786500
Cargo Muchacho Mountains,2860,2000,32.917450,-114.767183
Spruce 002,18,2011,40.792000,-114.708000
Spruce 001,983,2011,40.801000,-114.701000
Winterhaven,2100,2002,32.950000,-114.666667
Thumb Butte,105,2008,35.169930,-114.455850
Laughlin,10,2008,35.168670,-114.455000
Temple Bar,106,1998,35.916670,-114.433330
Moapa Valley,698.8,2004,36.557220,-114.426940
Powell Peak 002,1062,2008,34.704900,-114.345720
Powell Peak 001,42.8,2011,34.682220,-114.330460
Boulder Mine,1560,2008,34.685000,-114.323000
Diablo Pass,246.6,2004,33.663480,-114.292070
Oldman Mountain,198.96,2008,33.672480,-114.291700
Warm Springs Wilderness,156.9,2003,34.786980,-114.250520
Sacramento Wash 001,98.9,2003,34.756370,-114.234350
Sacramento Wash 002,892.8,2004,34.756350,-114.234300
Sacramento Wash 003,89.2,2004,34.758730,-114.233420
Gold Basin,61000,1995,35.875000,-114.233330
Sacramento Wash 004,28.6,2004,34.750780,-114.227170
White Hills,11.7,1999,35.856670,-114.223330
Buck Mountains 001,50,2004,34.732450,-114.222570
Franconia,100000,2002,34.716370,-114.221970
Buck Mountains 003,34200,2005,34.734500,-114.217170
Sacramento Wash 005,52.3,2004,34.746670,-114.210000
Buck Mountain Wash,798,2004,34.724530,-114.208830
Buck Mountains 002,18.400000000000000,2004,34.719330,-114.207830
White Elephant,10.4,1997,35.890000,-114.203330
Golden Rule,797.6,1999,35.873330,-114.200000
Quartzsite,69.7,2002,33.680850,-114.195800
Hualapai Wash,240,2000,35.863330,-114.193330
Hualapai Wash 021,20.5,1997,35.889500,-114.192000
Bluebird,3650,2002,35.867500,-114.191670
Palo Verde Mine,9158,2004,34.714570,-114.191420
Buck Mountains 005,859.7,2007,34.703370,-114.190970
Buck Mountains 004,145.80000000000000,2005,34.701080,-114.188450
Aubrey Hills,560.80000000000000,2010,34.380630,-114.167050
Golden Mile,378.8,2000,35.890000,-114.166670
Hualapai Wash 020,60.9,2003,35.838330,-114.166170
King Tut,19.510000000000000,1997,35.923330,-114.101670
Griffith Wash,93,2011,35.066390,-114.097500
Red Dry Lake 065,3,2006,35.647000,-114.095500
Red Dry Lake 064,6,2006,35.641330,-114.090000
Red Dry Lake 063,6,2006,35.633330,-114.083330
Bouse,147.4,2004,33.966670,-114.066670
Red Dry Lake 031,4.8,2002,35.697330,-114.061670
Red Dry Lake 071,4.35,2010,35.624530,-114.046880
Red Dry Lake 029,5.25,2004,35.626820,-114.043730
Red Dry Lake 025,6.55,2003,35.679470,-114.043380
Red Dry Lake 006,40,2001,35.627050,-114.043360
Red Dry Lake 009,13,2001,35.627230,-114.043230
Red Dry Lake 028,11.3,2004,35.644800,-114.034520
Red Dry Lake 068,26.2,2008,35.640000,-114.032850
Red Dry Lake 024,17.900000000000000,2003,35.697320,-114.032000
Red Dry Lake 003,94,2001,35.645520,-114.030690
Red Dry Lake 005,12,2001,35.646450,-114.028530
Red Dry Lake 004,13.5,2001,35.646400,-114.028490
Red Dry Lake 022,17,2002,35.661850,-114.027100
Red Dry Lake 023,5.9,2002,35.663750,-114.026980
Red Dry Lake 067,6.2,2009,35.658680,-114.025730
Red Dry Lake 002,21.5,2001,35.653060,-114.024370
Kofa,490,1893,33.500000,-114.000000
Hayden Creek,270,1895,45.000000,-114.000000
Dutch Flat,48.8,2002,34.483330,-113.916670
Gunlock,6800,1982,37.283330,-113.783330
Mohawk,586,2000,32.730000,-113.710000
Wallapai,430000,1927,35.800000,-113.700000
Oakley (iron),111000,1926,42.333330,-113.700000
Little Harquahala Mountains,262.2,2006,33.691770,-113.636120
Wikieup,372,1965,34.700000,-113.600000
Bagdad,2200,1959,34.613317,-113.398967
Tule Valley Hardpan 002,1.32,2009,38.945000,-113.382220
Tule Valley,17.690000000000000,2001,38.998610,-113.381670
Tule Valley Hardpan 001,5.1,2009,38.943060,-113.378330
Wah Wah Valley,9,1986,38.676670,-113.301670
Big Horn Mountains,91.9,2006,33.713330,-113.275000
Beaver-Harrison,925,1979,38.484170,-113.136390
Greener Reservoir,45,2004,39.491330,-112.942000
Drum Mountains,529000,1944,39.500000,-112.900000
Seligman,2200,1949,35.283330,-112.866670
Cricket Mountains,10.6,1985,38.903060,-112.821110
Weaver Mountains,38800,1898,34.250000,-112.750000
Wickenburg (stone),9200,1940,33.966670,-112.733330
Sunstone Knoll,15.6,1985,39.162780,-112.708060
Octave Mine,1304.2,2004,34.132280,-112.702250
Puerto Libertad,66,1973,29.900000,-112.683330
Hassayampa,16000,1963,33.750000,-112.666670
Gila Bend,3700,2000,33.033330,-112.616670
Trilby Wash,846,2005,33.916670,-112.550000
Illinois Gulch,2500,1899,46.683330,-112.550000
Ashfork,27000,1901,35.250000,-112.500000
Hickiwan,1928,1974,32.358330,-112.408890
Santa Rosalia,1631,1950,27.333330,-112.333330
El Mirage,598,1972,33.683330,-112.266670
Cordes,54.5,1998,34.303330,-112.166170
Garland,102,1950,41.683330,-112.133330
Maricopa,50,1980,33.250000,-112.050000
Little Ash Creek,21.4,2001,34.386670,-112.028330
Cottonwood,800,1955,34.833330,-112.016670
San Francisco Mountains,1700,1920,35.000000,-112.000000
La Ciénega,7632,2007,30.201860,-111.935870
Chandler,350.4,2009,33.245580,-111.896330
Skiff,3540,1966,49.250000,-111.866670
Salina,235,1908,38.983330,-111.850000
Camp Creek,3016,2009,33.880980,-111.785580
Wildcat Peak,202,1998,32.565330,-111.725500
Fountain Hills,60,2002,33.610000,-111.720000
Salt Lake City,875,1869,40.916670,-111.666670
Silver Bell,5100,1939,32.483330,-111.566670
Apache Junction,25000,,33.450000,-111.516670
Carbo,454000,1923,29.666670,-111.500000
Coyote Mountains,23.04,1998,31.916670,-111.500000
Payson,1728,2001,34.233330,-111.400000
Winona,24000,1928,35.200000,-111.400000
Lombard,7000,1953,46.100000,-111.400000
Arivaca,30.1,1999,31.593910,-111.370230
Isla del Espíritu Santo,869,1999,24.516670,-111.366670
Loreto,94800,1896,26.016670,-111.366670
Clover Springs,7700,1954,34.450000,-111.366670
Ragged Top,122.7,1997,32.446670,-111.346670
Naviska,147,2004,32.500000,-111.280000
Ryan Field,8.9,1982,32.133330,-111.133330
San Joaquin,31.8,2005,32.166570,-111.117180
Snyder Hill,1160,1994,32.158330,-111.113330
Cat Mountain,2700,1981,32.148330,-111.111670
Desert Willow,11.3,2007,32.319000,-111.077000
Canyon Diablo,30000000,1891,35.050000,-111.033330
Pima County,210,1947,32.200000,-111.000000
Gun Creek,22700,1909,34.000000,-111.000000
Coon Butte,2750,1905,35.000000,-111.000000
Tucson,975000,1850,31.850000,-110.966670
Duchesne,22700,1906,40.383330,-110.866670
Udall Park,150,1985,32.250000,-110.833330
Cave Creek,1492,1992,31.704500,-110.779170
Fish Canyon,27.3,1992,31.735000,-110.753330
Greaterville,48,1995,31.761670,-110.750000
Livingston (Montana),1600,1936,45.600000,-110.583330
Altonah,21500,1932,40.566670,-110.483330
Whetstone Mountains,2138.7400000000000,2009,31.961850,-110.434183
Galleta Flat,392,2009,32.004150,-110.375030
Poison Spring,524,1971,38.170000,-110.366670
Holbrook,220000,1912,34.900000,-110.183330
Twodot,21400,1999,46.700000,-110.133330
Ioka,31500,1931,40.250000,-110.083330
Arispe,683000,1896,30.333330,-109.983330
Willcox Playa 006,3.1,2004,32.112880,-109.892650
Willcox Playa 005,278.40000000000000,2004,32.093900,-109.884120
Canyonlands,1520,1961,38.183330,-109.883330
Willcox Playa 007,62.4,2004,32.188430,-109.845630
Willcox Playa 009,160,2009,32.076670,-109.845500
Willcox Playa,61.5,1979,32.125000,-109.833330
Harlowton,4000,1975,46.433330,-109.833330
Willcox Playa 004,19.900000000000000,2004,32.142020,-109.824230
Willcox Playa 002,12,2001,32.181670,-109.789500
Dos Cabezas,755,1998,32.295000,-109.670000
Moctezuma,1700,1889,29.800000,-109.666670
Cumpas,28600,1903,30.000000,-109.666670
Arches,534,2001,38.688670,-109.585170
Navajo,2184000,1921,35.333330,-109.500000
Four Corners,25000,1924,37.000000,-109.050000
Rock Springs,52.7,2003,41.650000,-109.025000
Alkali Flat,28,2011,32.306000,-108.903800
Cortez,715.6,1940,37.350000,-108.683330
Huizopa,140000,1907,28.900000,-108.566670
Roundup,17590,1990,46.783330,-108.566670
Mesa Verde Park,3500,1922,37.166670,-108.500000
Bishop Canyon,8600,1912,38.000000,-108.500000
Techado,810,1983,34.533330,-108.350000
Thoreau,500,1954,35.283330,-108.266670
Uruachic,13000,1989,27.850000,-108.233330
Pelona Mountain,618,1999,33.666670,-108.100000
Aztec,2830,1938,36.800000,-108.000000
Bluewater,9540,1946,35.266670,-107.966670
Deming,784,2009,32.225480,-107.904590
Grant,525000,1929,35.166670,-107.883330
Bacubirito,22000000,1863,26.200000,-107.833330
Rifle,102700,1948,38.516670,-107.833330
Casas Grandes,1545000,1867,30.400000,-107.800000
Kingston,12900,1891,32.900000,-107.733330
Hyattville,8911,2008,44.338230,-107.674050
Acomita,3956,1962,35.050000,-107.566670
Buenaventura,113600,1969,29.800000,-107.550000
Sierra County,1000,1962,33.000000,-107.500000
Columbus,165,1997,31.829670,-107.394500
Correo,1400,1979,34.950000,-107.166670
Suwanee Spring,1200,1979,34.950000,-107.166670
Waltman,23410,1948,43.000000,-107.166670
Carichic,17000,1983,27.933330,-107.050000
New Mexico,130,1935,34.500000,-107.000000
Guadalupe y Calvo,58630,1971,26.100000,-106.966670
Luis Lopez,7000,1896,34.000000,-106.966670
Burns,18400,2003,39.866670,-106.883330
Puente-Ladron,7.7,1944,34.400000,-106.850000
Los Lunas,94.5,1978,34.812500,-106.791670
Willow Creek,51000,1914,43.466670,-106.766670
Rio Rancho,1001,2011,35.300000,-106.633330
Doyleville,112,1887,38.416670,-106.583330
Anthony Gap,347.36,2011,32.005840,-106.560280
Sandia Mountains,45000,1925,35.250000,-106.500000
Oscuro Mountains,3600,1895,33.633330,-106.383330
Oro Grande,513,1971,32.371670,-106.258330
Tarahumara,2500,1994,28.500000,-106.250000
El Paso,276,1950,31.783330,-106.233330
Mount Ouray,900,1898,38.416670,-106.216670
Hueco Tanks,314,1985,31.916670,-106.150000
Hueco Tanks (b),150,1985,31.916670,-106.150000
Chihuahua City,54000,1929,28.666670,-106.116670
Moriarty,330,1975,34.983330,-106.050000
Santiago Papasquiero,119500,1958,24.500000,-106.000000
Aldama (b),66.5,1996,25.050000,-106.000000
Otto,28,1970,35.166670,-105.983330
Alamogordo,13600,1938,32.900000,-105.933330
Aldama (a),11000,1985,28.833330,-105.866670
Alamosa,1800,1937,37.466670,-105.866670
La Luz,4798,2005,33.003830,-105.850830
Willard (b),12700,1934,34.500000,-105.833330
Newsom,892,1939,37.600000,-105.833330
Mosca,6220,1942,37.633330,-105.833330
Tres Castillos,150000,1992,29.470000,-105.800000
Glorieta Mountain,148000,1884,35.600000,-105.800000
Hartsel,490,2000,38.833330,-105.800000
Willard (a),800,1978,34.433330,-105.783330
Lost Lake,11,1931,37.650000,-105.733330
Cotopaxi,243,2000,38.464830,-105.701500
Little Spring Creek,2950,1937,37.683330,-105.700000
Georgetown,687,1967,39.700000,-105.700000
Guffey,309000,1907,38.766670,-105.516670
Ahumada,52600,1909,30.700000,-105.500000
El Capitan,27500,1893,33.500000,-105.500000
Hasparos,12880,1935,34.000000,-105.500000
Fremont Butte,6647,1963,38.500000,-105.500000
Russel Gulch,13200,1863,39.800000,-105.500000
Morito,10100000,1600,27.050000,-105.433330
Abajo,331,1982,26.800000,-105.416670
Torreon de Mata,610,1983,26.833330,-105.416670
Bella Roca,33000,1888,24.900000,-105.400000
Villa Natamoros,156,1987,26.750000,-105.400000
El Pozo,460,1998,26.933330,-105.400000
Allende,2000000,1969,26.966670,-105.316670
Bear Creek,227000,1866,39.600000,-105.300000
Rancho Gomelia,15650,1975,24.516670,-105.250000
Villa Coronado,2900,1983,26.750000,-105.250000
Salaices,24500,1971,27.000000,-105.250000
Tinnie,15300,1978,33.383330,-105.250000
Canon City,1400,1973,38.470280,-105.241390
Ceniceros,1025,1988,26.466670,-105.233330
El Carmen,629,1987,26.866670,-105.233330
Costilla Peak,35500,1881,36.833330,-105.233330
Apex,6.1,1938,39.750000,-105.200000
Chupaderos,24300000,1852,27.000000,-105.100000
Piñon,17850,1928,32.666670,-105.100000
Juanita de Angeles,85000,1992,28.416670,-105.083330
Erie,3300,1965,40.031670,-105.056670
Aurora,1000,1938,36.333330,-105.050000
Ocate,6400,1986,36.295330,-105.048330
Otinapa,8400,1986,24.183330,-105.033330
Berthoud,960,2004,40.305830,-105.023250
Picacho,22000,1952,33.200000,-105.000000
El Rancho Grande,40.700000000000000,1954,37.000000,-105.000000
Silver Crown,11600,1887,41.233330,-104.983330
Denver,230,1967,39.782500,-104.930560
Sierra Blanca,405,1784,27.150000,-104.900000
Johnstown,40300,1924,40.350000,-104.900000
Colorado Springs,,1950,38.833330,-104.833330
Cacaria,41400,1867,24.500000,-104.800000
Clareton,1050,1931,43.700000,-104.700000
Colonia Obrera,12200,1973,24.016670,-104.666670
Rodeo,44000,1852,25.333330,-104.666670
Sacramento Mountains,237200,1890,32.916670,-104.666670
Franceville,18800,1890,38.816670,-104.616670
Elbert,680.5,1998,39.246670,-104.588170
Wagon Mound,87500,1932,35.840830,-104.585830
Ellicott,15700,1960,38.807780,-104.569440
Chico Hills,8030,1951,36.000000,-104.500000
Palo Blanco Creek,1482,1954,36.500000,-104.500000
Point of Rocks (iron),18000,1956,36.500000,-104.500000
Point of Rocks (stone),800,1954,36.500000,-104.500000
Hat Creek,8900,1939,42.916670,-104.416670
Lakewood,46500,1955,32.629720,-104.350000
Lusk,46,1940,42.766670,-104.350000
Briggsdale,2230,1949,40.666670,-104.316670
Rancho de la Pila (1882),46500,1882,24.116670,-104.300000
Abbott,21100,1951,36.300000,-104.283330
Hawk Springs,367,1935,41.783330,-104.283330
Acme,75000,1947,33.633330,-104.266670
Davis Mountains,689000,1903,30.750000,-104.250000
Roy (1933),47200,1933,35.950000,-104.200000
Roy (1934),5619,1934,35.950000,-104.200000
Chico,104800,1954,36.500000,-104.200000
Bear Lodge,48500,1931,44.500000,-104.200000
Kramer Creek,2300,1966,38.392500,-104.176670
Torrington,259.10000000000000,1944,42.066670,-104.166670
La Lande,30000,1933,34.450000,-104.133330
Mills,88000,1970,36.230000,-104.118890
Tafoya (a),270,1951,36.450000,-104.100000
Tafoya (b),490,1951,36.450000,-104.100000
Albin (stone),15400,1949,41.416670,-104.100000
Albin (pallasite),37600,1915,41.500000,-104.100000
Truckton,43.4,1978,38.581390,-104.076670
Pine Bluffs,2700,1935,41.183330,-104.066670
Farley,19400,1936,36.333330,-104.050000
Roosevelt County 026,12.4,1984,34.150000,-104.016670
Taiban,25000,1934,34.450000,-104.016670
Taiban (b),641,1984,34.450000,-104.016670
Escalón,54.3,1979,27.000000,-104.000000
Malaga,150,1933,32.216670,-104.000000
Gladstone (stone),57300,1936,36.300000,-104.000000
Crow Peak,6320,1958,44.477330,-103.972000
Dora (pallasite),7600,1955,33.926670,-103.955000
Weldona,27700,1934,40.350000,-103.950000
Roosevelt County 105,30,1998,34.188330,-103.941670
Roosevelt County 097,56,1996,33.958330,-103.938330
Falsey Draw,4180,1995,33.843330,-103.936670
Roosevelt County 106,98.8,2001,34.216670,-103.933330
Mosquero,1800,1963,35.750000,-103.933330
Morrill,1387,1920,42.183330,-103.933330
Krider,2386,1978,34.466670,-103.921670
Macy,42000,1984,34.216670,-103.916670
Ute Creek,1000,1936,36.200000,-103.900000
Bushnell,1240,1939,41.233330,-103.900000
Jaralito,11138,1977,26.265830,-103.885000
New Raymer,3400,1995,40.625830,-103.840330
Kenna (b),453,1972,33.708330,-103.766670
Adams County,5700,1928,39.966670,-103.766670
Boaz (stone),1800,1968,33.651670,-103.708330
Roosevelt County 053,10.8,1971,33.883330,-103.700000
Stoneham,5000,1960,40.637830,-103.697170
Oliver,6690,1984,41.200000,-103.683330
Owasco,168400,1984,41.200000,-103.683330
Roosevelt County 096,212.2,1996,34.091670,-103.676670
Roosevelt County 104,51.7,1998,33.722170,-103.673330
Ragland Hill,11800,1980,34.783330,-103.666670
Sioux County,4100,1933,42.583330,-103.666670
Roosevelt County 002,18.2,1973,33.716670,-103.650000
Roosevelt County 103,10,1998,33.738830,-103.650000
Beenham,44400,1937,36.216670,-103.650000
Williston,7645,1962,47.983330,-103.650000
Delphos (c),885,1977,34.050000,-103.633330
Roosevelt County 110,73.7,1987,33.736667,-103.623333
Roosevelt County 034,118.5,1968,34.083330,-103.616670
Roosevelt County 035,81.600000000000000,1968,34.083330,-103.616670
Roosevelt County 036,65.2,1968,34.083330,-103.616670
Roosevelt County 043,52.1,1969,34.083330,-103.616670
Roosevelt County 060,34.200000000000000,1968,34.083330,-103.616670
Melrose (a),36400,1933,34.383330,-103.616670
Delphos (b),548,1968,34.090000,-103.611670
Melrose (b),50.5,1971,34.398330,-103.605000
Lewiston,4416,1983,34.008330,-103.602780
Roosevelt County 101,12.6,1979,34.050000,-103.583330
Roosevelt County 079,30.2,1993,34.100000,-103.583330
Roosevelt County 056,10.3,1972,34.416670,-103.583330
Tobe,5386,1963,37.200000,-103.583330
Elida (a),936.8,1968,33.783330,-103.576670
Floyd,13000,1966,34.193330,-103.575000
Roosevelt County 001,462,1968,33.783330,-103.566670
Roosevelt County 003,30.3,1976,33.883330,-103.566670
Roosevelt County 088,7.5,1978,33.883330,-103.566670
Roosevelt County 082,137,1969,34.083330,-103.566670
Roosevelt County 019,450,1982,34.116670,-103.566670
Roosevelt County 020,528,1983,34.133330,-103.566670
Elida (c),385.5,1968,33.790000,-103.563330
Kenna,10900,1972,33.900000,-103.553330
Roosevelt County 031,397.1,1984,33.783330,-103.550000
Delphos (d),276,1969,34.050000,-103.550000
Roosevelt County 098,15,1969,34.216670,-103.550000
Ragland,12100,1982,34.767780,-103.550000
Roosevelt County 089,1615,1980,34.133330,-103.533330
Delphos (a),1244.7,1968,34.083330,-103.525000
Elida (b),537.80000000000000,1968,33.916670,-103.518330
Roosevelt County 087,8.200000000000000,1977,34.066670,-103.516670
Roosevelt County 037,94.3,1968,34.083330,-103.516670
Roosevelt County 042,32.6,1969,34.083330,-103.516670
Roosevelt County 061,49.5,1968,34.083330,-103.516670
Roosevelt County 074,22.2,1990,34.083330,-103.516670
Roosevelt County 044,439.1,1970,34.250000,-103.516670
Roosevelt County 090,6.4,1993,34.283330,-103.516670
Karval,1104,1936,38.716670,-103.516670
Roosevelt County 095,12.1,1995,34.091670,-103.501670
Avilez,146,1855,25.000000,-103.500000
Study Butte,417,1983,29.301670,-103.500000
Roosevelt County 010,23.6,1979,33.083330,-103.500000
Roosevelt County 080,727.8,1968,34.050000,-103.500000
Portales (a),3240,1967,34.066670,-103.500000
Portales (b),595.80000000000000,1967,34.066670,-103.500000
Roosevelt County 007,5.2,1979,34.083330,-103.500000
Roosevelt County 008,25.3,1979,34.083330,-103.500000
Roosevelt County 009,2.1,1979,34.083330,-103.500000
Roosevelt County 004,882,1977,34.083330,-103.500000
Roosevelt County 006,9.700000000000000,1979,34.083330,-103.500000
Roosevelt County 024,5.6,1984,34.083330,-103.500000
Roosevelt County 025,4.3,1984,34.083330,-103.500000
Roosevelt County 028,67.3,1984,34.083330,-103.500000
Roosevelt County 029,4.9,1984,34.083330,-103.500000
Roosevelt County 032,141.1,1968,34.083330,-103.500000
Roosevelt County 033,21.8,1968,34.083330,-103.500000
Roosevelt County 039,38,1969,34.083330,-103.500000
Roosevelt County 040,71.100000000000000,1969,34.083330,-103.500000
Roosevelt County 041,32.4,1969,34.083330,-103.500000
Roosevelt County 049,22.8,1971,34.083330,-103.500000
Roosevelt County 050,13.1,1971,34.083330,-103.500000
Roosevelt County 058,12,1968,34.083330,-103.500000
Roosevelt County 059,26.2,1968,34.083330,-103.500000
Roosevelt County 063,34.700000000000000,1969,34.083330,-103.500000
Roosevelt County 064,24.8,1969,34.083330,-103.500000
Roosevelt County 076,3.3,1992,34.083330,-103.500000
Roosevelt County 077,10.9,1992,34.083330,-103.500000
Roosevelt County 078,6.9,1992,34.083330,-103.500000
Roosevelt County 091,3.15,1994,34.083330,-103.500000
Roosevelt County 092,34.29,1994,34.083330,-103.500000
Roosevelt County 093,2.78,1994,34.083330,-103.500000
Roosevelt County 094,3.55,1994,34.083330,-103.500000
Roosevelt County 062,16.2,1969,34.216670,-103.500000
Harding County,3075,1941,45.500000,-103.500000
Roosevelt County 073,288,1989,34.083330,-103.483330
Roosevelt County 012,173.1,1981,34.100000,-103.483330
Roosevelt County 013,35.200000000000000,1981,34.100000,-103.483330
Roosevelt County 014,74.7,1981,34.100000,-103.483330
Roosevelt County 015,16.3,1981,34.100000,-103.483330
Roosevelt County 016,138.20000000000000,1981,34.100000,-103.483330
Roosevelt County 046,120.4,1970,34.100000,-103.483330
Roosevelt County 052,17.7,1971,34.100000,-103.483330
Roosevelt County 066,4.9,1988,34.100000,-103.483330
Roosevelt County 067,2.1,1988,34.100000,-103.483330
Roosevelt County 068,13.9,1988,34.100000,-103.483330
Roosevelt County 069,4.8,1989,34.100000,-103.483330
Roosevelt County 070,2.3,1989,34.100000,-103.483330
Roosevelt County 071,5.3,1989,34.100000,-103.483330
Roosevelt County 072,9.800000000000000,1989,34.100000,-103.483330
Hugo (stone),80,1936,39.133330,-103.483330
Dix,44000,1927,41.233330,-103.483330
St. Vrain,45.5,1971,34.318330,-103.471670
Barrilla,11100,1994,30.783330,-103.466670
Roosevelt County 048,57.3,1970,33.616670,-103.450000
Roosevelt County 065,405.8,1971,33.616670,-103.450000
Roosevelt County 038,49.4,1968,34.300000,-103.450000
Roosevelt County 100,6.8,1970,34.300000,-103.450000
Tatum,1787,1938,33.233330,-103.441670
La Esmeralda,483,1999,27.066670,-103.433330
Roosevelt County 075,258,1990,34.183330,-103.433330
Roosevelt County 030,3.1,1984,34.283330,-103.433330
Roosevelt County 054,361.5,1971,34.300000,-103.433330
Roosevelt County 055,7.9,1971,34.300000,-103.433330
Roosevelt County 083,14.8,1969,33.666670,-103.416670
Portales (c),6000,1967,34.100000,-103.416670
Roosevelt County 018,10.8,1981,34.316670,-103.416670
Rogers,982,1974,34.065000,-103.408330
Pasamonte,5100,1933,36.216670,-103.400000
Bethel (b),56.8,1968,34.246670,-103.395000
Grier (a),12.4,1969,34.381670,-103.391670
Bethel (a),18.3,1968,34.233330,-103.383330
Grier (b),929.4,1969,34.266670,-103.383330
Roosevelt County 085,140,1969,34.316670,-103.383330
Roosevelt County 047,30.3,1970,34.133330,-103.366670
Bayard,75000,1982,41.816670,-103.366670
Oasis State Park,606,1968,34.228330,-103.358330
Santa Clara,63000,1976,24.466670,-103.350000
Dora (stone),1570,1970,33.923330,-103.350000
Roosevelt County 051,29.4,1971,34.216670,-103.350000
Garrison,5116,1969,33.863330,-103.346670
Milnesand (stone),34,1981,33.633330,-103.333330
Shaw,17500,1937,39.533330,-103.333330
Grady (1933),4230,1933,34.800000,-103.316670
Grady (1937),9300,1937,34.800000,-103.316670
Grady (c),5700,1970,34.800000,-103.316670
Roosevelt County 099,9.800000000000000,1969,33.600000,-103.300000
Potter,261000,1941,41.233330,-103.300000
Marsland,6850,1933,42.450000,-103.300000
Portales Valley,71400,1998,34.175000,-103.295000
Roosevelt County 005,12,1978,34.216670,-103.283330
Roosevelt County 022,8.700000000000000,1983,34.216670,-103.283330
Roosevelt County 057,7.7,1973,34.216670,-103.283330
Roosevelt County 086,9,1974,34.283330,-103.283330
Atwood,2100,1963,40.516670,-103.266670
Atwood (b),77,1964,40.516670,-103.266670
Clifford,11360,1962,39.100000,-103.258330
Chico Mountains,212,1915,29.000000,-103.250000
Roosevelt County 027,22.3,1984,33.800000,-103.250000
Roosevelt County 102,8345,1988,33.995000,-103.250000
Roosevelt County 045,55.5,1970,34.233330,-103.250000
Arriba,31100,1936,39.300000,-103.250000
Roosevelt County 023,59.2,1984,34.183330,-103.233330
Roosevelt County 084,69.600000000000000,1969,34.200000,-103.233330
Blackwater Draw,1500,1979,34.205830,-103.222220
Arch,985.8,1972,34.150000,-103.220000
Elba,4175,1966,39.833330,-103.216670
Roosevelt County 021,96,1983,33.818060,-103.206940
Roosevelt County 017,177.8,1981,34.216670,-103.200000
Wild Horse,1360,1979,39.416670,-103.200000
Roosevelt County 108,4.75,2004,34.216670,-103.183330
Roosevelt County 109,17.3,2005,34.216670,-103.183330
Sterling,679.5,1900,40.600000,-103.183330
Lea County 002,11,1988,32.033330,-103.166670
Roosevelt County 081,522.20000000000000,1969,33.633330,-103.166670
Lincoln County,4500,1937,39.366670,-103.166670
Thurman,1959,1965,39.521670,-103.166670
Washington County,5750,1927,39.700000,-103.166670
Akron (1940),1050,1940,40.150000,-103.166670
Akron (1961),4000,1961,40.150000,-103.166670
Lea County 003,4.91,1999,32.043330,-103.153330
Lea County 001,498,1988,32.033330,-103.150000
Clovis (no. 1),283000,1961,34.300000,-103.134720
Roosevelt County 011,2.9,1980,33.750000,-103.133330
Roosevelt County 107,81.2,2000,34.216670,-103.133330
Clovis (no. 2),41300,1963,34.300000,-103.133330
Peña Blanca Spring,70000,1946,30.125000,-103.116670
Hobbs,2300,1933,32.733330,-103.100000
Hobbs (b),1600,1933,32.733330,-103.100000
Peetz,11500,1937,40.950000,-103.083330
Fort Stockton,4762.8,1952,30.916670,-103.066670
Kelly,44300,1937,40.466670,-103.033330
Bledsoe,30500,1970,33.591670,-103.026670
Fairburn,445,1907,43.603000,-103.026000
Texline,26200,1937,36.400000,-103.016670
Huntsman,14500,1910,41.183330,-103.000000
Flagler,4100,1972,39.230000,-102.990000
Bronco,972,1971,33.283330,-102.966670
Bronco (b),101,1980,33.275000,-102.960000
Bronco (c),53,1980,33.275000,-102.960000
Allred,6570,1978,33.100000,-102.950000
Romero,17200,1938,35.766670,-102.950000
De Nova,12700,1940,39.850000,-102.950000
Wardswell Draw,3000,1976,32.903330,-102.925000
Plains (d),280,1991,33.266670,-102.900000
Sidney,6000,1941,41.050000,-102.900000
Seibert (b),8600,1991,39.276670,-102.886670
Monahans (1938),27900,1938,31.483330,-102.883330
Lorenzo,611.9,1941,41.033330,-102.883330
Monahans (1998),2587,1998,31.608330,-102.858330
Cope (b),817,1967,39.683330,-102.845000
Seibert (a),3500,1941,39.300000,-102.833330
Cope,12000,1934,39.666670,-102.833330
Eads,4860,1975,38.470000,-102.826670
Griffith,6000,1985,33.716670,-102.816670
Fleming,1750,1940,40.683330,-102.816670
Denver City,26100,1975,33.071390,-102.800280
Needmore,1793,1976,34.044720,-102.799170
Felt,5400,1970,36.550000,-102.783330
Plains,34300,1964,33.283330,-102.766670
Morton,6400,1980,33.716670,-102.766670
Horse Creek,570,1937,37.583330,-102.766670
Lazbuddie,8600,1970,34.500000,-102.750000
Frankel City,4700,1977,32.333330,-102.745000
Monument Draw,524.5,1985,32.503330,-102.743330
Sligo,78,1976,33.118610,-102.740560
Coahuila,2100000,1837,28.700000,-102.733330
Gaines County Park,13700,1977,32.833330,-102.733330
Adrian,22600,1936,35.150000,-102.716670
Rush Creek,9300,1938,38.616670,-102.716670
Florey,110800,1978,32.522500,-102.705000
Seminole (b),1184,1965,32.543330,-102.705000
Felt (b),5590,1990,36.583330,-102.700000
Muleshoe,3600,1972,34.121670,-102.695000
Circle Back,2268,1977,34.028060,-102.680000
Springfield (b),229.3,1937,37.483330,-102.676670
Seminole (f),5421,2008,32.700380,-102.672680
Wiley,3500,1938,38.150000,-102.666670
Tokio (b),823,1974,33.205000,-102.658330
Seminole (d),1710,1976,32.716670,-102.650000
Seminole (e),758.2,1977,32.716670,-102.650000
Seminole (g),640.4,1999,32.716670,-102.650000
Seminole Draw (a),478,1976,32.716670,-102.650000
Seminole Draw (b),1192.7,1976,32.716670,-102.650000
Fairview,28800,1986,34.101390,-102.650000
Springfield,3200,1937,37.383330,-102.633330
Tokio (a),6600,1974,33.216670,-102.631670
McKenzie Draw (a),11800,1989,32.925000,-102.625000
McKenzie Draw (b),2990,1989,32.925000,-102.625000
Seminole,43900,1961,32.683330,-102.616670
Hub,6452,1991,34.540000,-102.594330
Stratton,121,1964,39.221670,-102.590000
Shafter Lake,3027,1933,32.400000,-102.583330
Seagraves,13000,1962,32.933330,-102.583330
Haxtun,15500,1975,40.456670,-102.578340
Pep,591,1966,33.730000,-102.576670
Friona,21900,1981,34.540000,-102.568330
Seagraves (c),26810,1989,32.983330,-102.566670
Lost Draw,309,1980,33.289440,-102.543060
Flagg,7000,1954,34.433330,-102.516670
Seagraves (b),4600,1976,32.917220,-102.500000
Keyes,142000,1939,36.716670,-102.500000
Chamberlin,2400,1941,36.200000,-102.450000
Wellman (b),343,1964,33.025000,-102.416670
Summerfield,6200,1979,34.766670,-102.416670
Two Buttes (a),19700,1962,37.633330,-102.416670
Two Buttes (b),3000,1970,37.633330,-102.416670
Bethune,67,1941,39.300000,-102.416670
Dalhart,4400,1968,36.043330,-102.408330
Gomez,47000,1974,33.181390,-102.401390
Odessa (iron),1600000,1922,31.716670,-102.400000
Ovid,6169,1939,40.966670,-102.400000
Seminole (c),1711,1967,32.550000,-102.391670
Loop (c),861,1964,32.983330,-102.388330
Loop (b),1600,1964,32.991670,-102.388330
Phillips County (pallasite),1360,1935,40.450000,-102.383330
Sulphur Springs Draw,1892,1990,32.983330,-102.378330
Ovid (b),860,1943,40.758330,-102.375000
Wellman (d),1615,1966,33.016670,-102.366670
Wellman (a),55000,1940,33.033330,-102.333330
Wellman (c),45000,1964,33.033330,-102.333330
Granada Creek,479,1975,37.966670,-102.333330
Dimmitt (b),2800,1981,34.483330,-102.328330
Richardton,90000,1918,46.883330,-102.316670
Wellman (e),959,1973,33.678330,-102.315000
Holyoke,11200,1933,40.566670,-102.300000
Idalia,7400,1968,39.695000,-102.295000
Ashmore,55400,1969,32.900000,-102.283330
Loop,5600,1962,32.900000,-102.283330
Channing,15300,1936,35.716670,-102.283330
Brownfield (c),1550,1974,33.135000,-102.278330
Meadow (a),1495,1975,33.331390,-102.268890
Meadow (b),691,1981,33.331390,-102.268890
Foster,1992,1975,33.100000,-102.266670
Julesburg,57900,1983,39.975000,-102.266670
Nazareth (a),44,1938,34.500000,-102.250000
Nazareth (b),3600,1967,34.500000,-102.250000
Sand Draw,1200,1947,40.816670,-102.250000
Hereford,2276,1970,33.795000,-102.241670
Springlake,17300,1980,34.344440,-102.223610
Willowbar,2070,1971,36.733330,-102.200000
Stonington,2700,1942,37.283330,-102.200000
Arapahoe,19083,1940,38.800000,-102.200000
Wray (a),281.7,1936,40.050000,-102.200000
Wray (b),3884,1938,40.330830,-102.195830
Rancho Blanco,155,1987,24.300000,-102.183330
Brownfield (1937),40960,1937,33.216670,-102.183330
Brownfield (1964),4100,1964,33.216670,-102.183330
Brownfield (iron),1626,1960,33.216670,-102.183330
Lemmon,6680,1984,45.933330,-102.183330
Anton,41800,1965,33.782500,-102.181110
Hart Camp,1200,1970,33.998330,-102.176670
La Banderia,54.3,1986,24.350000,-102.166670
Smyer,3273,1968,33.583330,-102.166670
Dimmitt,200000,1942,34.583330,-102.166670
Hartley,2100,1967,35.941670,-102.160000
Sanderson,6800,1936,30.133330,-102.150000
Nuevo Mercurio (c),16.8,,24.260000,-102.140830
Olton,953,1948,34.167220,-102.133610
Nuevo Mercurio,50000,1978,24.300000,-102.133330
Cerro los Calvos,68,1986,24.333330,-102.133330
Armel,9200,1967,39.766670,-102.133330
Spade,8860,2000,34.001110,-102.128330
Dawn (a),7682,1981,34.860000,-102.120000
Dawn (b),257.60000000000000,1981,34.860000,-102.120000
Umbarger,13000,1954,34.950000,-102.117500
Hart,966,2010,34.377180,-102.116720
New Moore (a),100.3,1972,33.116670,-102.116670
New Moore (b),200,1975,33.118330,-102.113330
Nazareth (iron),11310,1968,34.526670,-102.105000
Holly,299,1937,38.066670,-102.100000
Batesland,2500,1961,43.133330,-102.100000
Nazareth (c),222,1970,34.583330,-102.083330
Nazareth (d),1500,1968,34.583330,-102.083330
Faith,105000,1952,45.333330,-102.083330
La Escondida,8.200000000000000,1979,24.341670,-102.075000
Happy (c),884.3,1971,34.583330,-102.050000
Nazareth (e),13100,1977,34.583330,-102.050000
West Point,3100,1972,33.075000,-102.045000
Patricia,14900,1983,32.500000,-102.033330
Tierra Blanca,860,1965,34.933330,-102.016670
Gruñidora,130,1998,24.166670,-102.000000
Peck's Spring,1600,1926,32.000000,-102.000000
Tule Draw,2300,1981,34.666670,-102.000000
Happy (b),2505,1972,34.593330,-101.993330
Happy (a),2860,1971,35.680000,-101.993330
Coolidge,4500,1937,38.033330,-101.983330
Walcott,2000,1983,32.400000,-101.950000
Tulia (a),86000,1917,34.616670,-101.950000
New Leipzig,20000,1936,46.366670,-101.950000
Grandview,6400,2008,32.788333,-101.938333
Wells,4135,1985,33.050000,-101.933330
Shallowater,4650,1936,33.700000,-101.933330
Canyon,860,1957,34.966670,-101.933330
O'Donnell,12700,1992,32.912170,-101.918670
Kaffir (a),1874.9,1965,34.623330,-101.916670
Eva,6700,1965,36.816670,-101.908330
Dumas (a),46050,1956,35.900000,-101.900000
Etter,450000,1965,35.983330,-101.900000
Dumas (b),2284,1980,35.925000,-101.895000
Lamesa,16900,1981,32.883330,-101.883330
Elkhart,573,1936,37.016670,-101.883330
New Deal,266,2010,33.721000,-101.838900
El Burro,35900,1939,29.333330,-101.833330
Edmonson (a),12000,1955,34.283330,-101.833330
Edmonson (b),14402,1981,34.283330,-101.833330
Sunray,4300,1985,36.000000,-101.833330
Kaffir (b),3500,1966,34.671670,-101.815000
Kaffir (c),7947,1980,34.671670,-101.815000
Kaffir (d),26760,1981,34.671670,-101.815000
Brandon,7580,1975,40.810000,-101.801670
Abernathy,2914,1941,33.850000,-101.800000
Sharon Springs,23400,1983,38.770830,-101.798330
Plainview (1917),700000,1917,34.116670,-101.783330
Plainview (1950),2200,1950,34.116670,-101.783330
Horace,19700,1940,38.350000,-101.783330
Ackerly,3046,1995,32.590330,-101.772170
Tulia (d),17700,1981,34.606670,-101.766670
Wilburton,207.8,1940,37.083330,-101.766670
Eunice,2300,1961,34.470000,-101.758330
Plainview (c),631,1963,34.125000,-101.756670
Slaton,1070,1941,33.433330,-101.750000
Estacado,290000,1883,33.900000,-101.750000
Hale Center (no. 1),610,1936,34.050000,-101.750000
Hale Center (no. 2),695,1936,34.050000,-101.750000
Lubbock,1457.8,1938,33.600000,-101.733330
Timber Creek,7,1982,34.983330,-101.733330
Kress (a),12500,1951,34.358330,-101.730000
Kress (b),2600,1966,34.358330,-101.730000
Kress (c),5600,1978,34.338330,-101.716670
Kress (d),57,1994,34.383330,-101.716670
Harrison Township,3263,1945,38.333330,-101.711670
Plainview (e),1250,2010,34.185130,-101.705580
Plainview (d),700,1979,34.187500,-101.704170
Lakeview,1238,1970,34.533330,-101.700000
Tulia (b),4800,1917,34.533330,-101.700000
Mazapil,4000,1885,24.683330,-101.683330
Finney (c),492,1978,34.298330,-101.683330
Wayside,23600,1973,34.801670,-101.683330
Johnson City,10400,1937,37.550000,-101.683330
Richfield,40800,1983,37.222220,-101.681390
Goodland,3628,1923,39.350000,-101.666670
Ogallala,3300,1918,41.166670,-101.666670
Claytonville (b),5136,1978,34.348330,-101.658330
Seth Ward,3800,1977,34.268890,-101.647220
Lider (a),2160,1972,34.655000,-101.640000
Lider (b),1800,1972,34.655000,-101.640000
New Lynn,800,1986,33.170000,-101.638330
Ladder Creek,35100,1937,38.616670,-101.633330
Tulia (iron),190,1969,34.555000,-101.630000
Gail,4650,1948,32.700000,-101.600000
Rolla (1941),435,1941,37.083330,-101.600000
Rolla (d),50,1942,37.083330,-101.600000
Rolla (1936),440,1936,37.116670,-101.600000
Rolla (1939),207.5,1939,37.116670,-101.600000
Grassland,4400,1964,33.116670,-101.583330
Finney,10700,1962,34.266670,-101.566670
Happy Canyon,16300,1971,34.801670,-101.566670
St. Lawrence,2600,1965,31.733330,-101.505000
Puente del Zacate,30790,1904,27.866670,-101.500000
Concho,93500,1939,32.000000,-101.500000
Barwise,10400,1950,34.000000,-101.500000
Ferguson Switch,1700,1937,34.000000,-101.500000
Aiken,956,1936,34.200000,-101.500000
Whitman,221,1937,42.033330,-101.500000
Rock Creek,1641,1980,34.422220,-101.497500
Claytonville,15600,1964,34.346670,-101.490000
Grant County,2300,1936,37.466670,-101.433330
Lone Star,4300,1965,34.259720,-101.408330
Briscoe,1773,1940,34.350000,-101.400000
Gruver,13100,1934,36.333330,-101.400000
Sterley,1724.8,1950,34.210000,-101.390000
Post,2000,1965,33.116670,-101.383330
Vigo Park,35,1934,34.683330,-101.383330
Panhandle,1360,1969,35.333330,-101.383330
Hugoton,350000,1927,37.200000,-101.350000
Floydada (b),6266,1999,33.983330,-101.333330
Brewster,17000,1940,39.250000,-101.333330
Ozona,127500,1929,30.733330,-101.300000
Lockney,824,1944,34.150000,-101.300000
Floydada,12500,1912,33.983330,-101.283330
Page City,13630,1980,39.166670,-101.283330
Crosbyton,,1963,33.666670,-101.266670
South Plains,4763,1971,34.266670,-101.250000
Ulysses,3900,1927,37.600000,-101.250000
Bennett County,89000,1934,43.500000,-101.250000
Freda,268,1919,46.383330,-101.233330
Paloduro,3000,1935,34.900000,-101.216670
Spearman,10400,1934,36.250000,-101.216670
Dougherty,1113,2002,33.979170,-101.200000
Beardsley,16000,1929,39.800000,-101.200000
Blakeman,113.7,1983,39.916670,-101.200000
Hardesty,8580,1986,36.570000,-101.190000
Silverton (Texas),2576,1938,34.533330,-101.183330
Fluvanna (b),4110,1976,32.903330,-101.162780
Fluvanna (a),9500,1967,32.800000,-101.116670
Modoc (1905),35000,1905,38.500000,-101.100000
Modoc (1948),1800,1948,38.500000,-101.100000
Timber Lake,8660,2011,45.425000,-101.097000
Blackwood Creek,67,1998,40.500000,-101.083330
Waka,11875,1963,36.150000,-101.050000
Colby (Kansas),2400,1940,39.416670,-101.050000
Hayes Center,4500,1941,40.516670,-101.033330
Oakley (stone),27700,1895,38.950000,-101.016670
Scurry,118000,1937,32.500000,-101.000000
Acuña,217700,1981,29.316670,-100.966670
Del Rio,3596,1965,29.366670,-100.966670
Tryon,15900,1934,41.550000,-100.966670
Clarendon (b),26.8,1981,34.936110,-100.941670
McAddo,1100,1935,33.750000,-100.933330
Scott City,2135,1905,38.466670,-100.933330
Snyder,16900,1983,32.716670,-100.916670
Clarendon (a),1964,1979,34.905000,-100.913330
Leslie,895,1968,34.611390,-100.855000
Mertzon,3720,1943,31.266670,-100.833330
Elton,1900,1936,33.716670,-100.833330
Sublette,1300,1952,37.500000,-100.833330
Culbertson,5900,1913,40.233330,-100.833330
Achilles,16000,1924,39.776670,-100.813330
McCook,3602,1965,40.020000,-100.783330
Mission,12000,1949,43.316670,-100.766670
St. Ann,373.5,1938,40.450000,-100.750000
Valentine,2300,1942,42.933330,-100.750000
Jerome (Kansas),29600,1894,38.766670,-100.733330
Perryton,2114,1975,36.353330,-100.731670
Laketon,3600,1937,35.566670,-100.666670
Pierceville (iron),100000,1917,37.866670,-100.666670
Pierceville (stone),2125,1939,37.866670,-100.666670
Seguin,750,1956,39.366670,-100.633330
McLean,4300,1939,35.233330,-100.600000
Miami,57700,1930,35.666670,-100.600000
Selden,1560,1960,39.533330,-100.566670
Beaver,25628,1940,36.800000,-100.533330
Dumont,27420,1994,33.816670,-100.516670
Oberlin,2500,1911,39.800000,-100.516670
Sappa,5950,1983,39.844330,-100.510000
Prairie Dog Creek,2900,1893,39.633330,-100.500000
Red Willow,2750,1899,40.250000,-100.500000
Cee Vee,3600,1959,34.200000,-100.483330
Leoville (b),2500,1969,39.608330,-100.475000
Leoville,8100,1961,39.633330,-100.467220
Dresden (Kansas),6760,1953,39.616670,-100.463060
Ingalls,226,1937,37.833330,-100.450000
Hoxie,266.10000000000000,1963,39.350000,-100.450000
Sweetwater,1760,1961,32.550000,-100.416670
Indianola,4000,1939,40.233330,-100.416670
Tell,16600,1930,34.383330,-100.400000
Saline,30800,1901,39.400000,-100.400000
Fort Pierre,15900,1856,44.350000,-100.383330
Park,13000,1969,39.110000,-100.361670
San Angelo,88000,1897,31.416670,-100.350000
Cimarron,,1948,37.850000,-100.350000
Shields,9780,1962,38.700000,-100.350000
Wellington,13400,1955,34.950000,-100.250000
Kalvesta,10000,1968,38.083330,-100.250000
Farnum,4200,1937,40.250000,-100.233330
Knowles,161000,1903,36.900000,-100.216670
Beeler,11620,1924,38.533330,-100.216670
Logan,1315,1918,36.583330,-100.200000
Norcateur,3200,1940,39.816670,-100.200000
Mereta,1417.5,1941,31.426110,-100.133330
Mulberry Draw,9716,1963,35.633330,-100.133330
Almelo Township,3180,1949,39.600000,-100.116670
Morland,295000,1890,39.333330,-100.066670
St. Peter,6800,1957,39.400000,-100.033330
Cruz del Aire,23000,1911,26.500000,-100.000000
Franklinville,108,1888,38.500000,-100.000000
New Almelo,8000,1917,39.666670,-100.000000
Reager,230,1948,39.783330,-100.000000
Sand Creek,2443,1986,39.430000,-99.995000
Buffalo Gap,9300,2003,32.246110,-99.993060
Ballinger,1250,1927,31.766670,-99.983330
Pony Creek,4642,1947,31.663330,-99.950000
Ransom,15000,1938,38.616670,-99.933330
Ness County (1938),652,1938,38.483330,-99.916670
Penokee,3580,1947,39.350000,-99.916670
Edmond,4000,1983,39.766670,-99.916670
Fuzzy Creek,2700,,31.611110,-99.904170
Camp Wood,148000,,29.772500,-99.875000
Norton County,1100000,1948,39.683330,-99.866670
Hill City,11700,1947,39.366670,-99.850000
Junction,241,1932,30.500000,-99.833330
McCracken,1530,1980,38.525000,-99.810000
Benjamin,51800,1969,33.583330,-99.800000
Ainsworth,80650,1907,42.600000,-99.800000
Uvalde,8200,1915,29.200000,-99.766670
Llano River,4318,1975,30.522130,-99.736980
Haskell,36000,1909,33.213330,-99.731670
Bison,11000,1958,38.306670,-99.710000
Brownell,2000,1971,38.696670,-99.708330
Mangum,750,2008,34.849000,-99.704000
Broken Bow,6800,1937,41.433330,-99.700000
Densmore (1879),37200,1879,39.650000,-99.683330
Oxford,6000,1985,40.166670,-99.666670
Densmore (1950),11300,1950,39.565830,-99.647220
Rhineland,6240,1961,33.533330,-99.616670
Lueders,35400,1973,32.836110,-99.604170
Ness County (1894),82000,1894,38.500000,-99.600000
Long Island,564000,1891,39.933330,-99.600000
Talpa,13000,1963,31.866670,-99.583330
Burdett,8600,1940,38.233330,-99.533330
Nuevo Laredo,500,1950,27.500000,-99.500000
Woodward County,45500,1923,36.500000,-99.500000
Loomis,3020,1933,40.466670,-99.500000
Brady,927,1937,31.050000,-99.466670
Fife,8600,2003,31.389720,-99.405830
Kimble County,153800,1918,30.416670,-99.400000
Mariaville,340,1898,42.716670,-99.383330
Santa Cruz,60,1939,24.166670,-99.333330
Leedey,51500,1943,35.883330,-99.333330
Coldwater (iron),18400,1923,37.266670,-99.333330
Coldwater (stone),16000,1924,37.266670,-99.333330
Ellis County,4692,1948,38.783330,-99.333330
Burkett,8400,1913,32.033330,-99.250000
Phillips County (stone),57900,1901,40.000000,-99.250000
Gretna,82000,1912,39.933330,-99.216670
Amherst,8500,1947,40.800000,-99.200000
Brenham,4300000,1882,37.582500,-99.163610
Larned,28100,1977,38.199500,-99.162000
Burns Flat,1987,1971,35.333330,-99.150000
Haviland (b),2092,1976,37.596670,-99.125000
Cole Creek,16300,1991,41.350000,-99.116670
Haviland (a),1035,1937,37.616670,-99.100000
Arcadia,19400,1937,41.416670,-99.100000
San José,532,1944,24.700000,-99.083330
Kearney,10000,1934,40.683330,-99.066670
Otis,2600,1940,38.533330,-99.050000
Richland Springs,1900,1980,31.250000,-99.033330
Hildreth,3060,1894,40.333330,-99.033330
Smith Center,1585,1937,39.833330,-99.016670
Cedar (Kansas),4900,1937,39.700000,-98.983330
Pedernales,691,1980,30.333330,-98.950000
Roosevelt,5200,1972,34.866670,-98.950000
Pipe Creek,13600,1887,29.683330,-98.916670
Wichita County,145000,1836,34.066670,-98.916670
Cullison,10000,1911,37.616670,-98.916670
Republican River,135,1942,40.083330,-98.916670
Great Bend,28770,1983,38.395000,-98.915830
Galatia,23900,1971,38.641670,-98.883330
Blanket,5100,1909,31.833330,-98.833330
Holliday,12,1950,33.750000,-98.833330
Waldo,1300,1937,39.100000,-98.833330
Boerne,1100,1932,29.800000,-98.800000
Covert,61000,1896,39.200000,-98.783330
Corn,5176,1994,35.405000,-98.748890
Bunker Hill,28000,2002,38.848330,-98.723830
Comanche (iron),19700,1940,32.016670,-98.700000
Weatherford,2000,1926,35.500000,-98.700000
Gaylord,8480,1983,39.616670,-98.700000
Colony,3912,1975,35.350000,-98.683330
Luray,861,1976,39.116670,-98.683330
Portis,30,1959,39.566670,-98.683330
Hardtner,13000,1972,37.066670,-98.661670
Comanche (stone),2400,1956,31.991670,-98.651670
Carnegie,132700,1963,35.166670,-98.643890
Cotesfield,1160,1928,41.366670,-98.633330
Sawyer,8100,2006,37.523920,-98.629930
Dispatch,220,1956,39.500000,-98.533330
Wolsey,74830,1981,44.400000,-98.533330
Kendall County,21000,1887,29.400000,-98.500000
San Pedro Springs,72,1887,29.500000,-98.500000
Jamestown,4000,1885,46.616670,-98.500000
Cleo Springs,24000,1960,36.433330,-98.433330
Roundsprings,6000,1986,39.166670,-98.433330
Nashville (stone),25000,1939,37.450000,-98.416670
Watonga,5025,1960,35.833333,-98.400000
Willowdale,3000,1951,37.533330,-98.366670
Northbranch,76000,1972,39.991670,-98.341670
Caddo County,18000,1987,35.000000,-98.333330
Goose Creek,2132.3000000000000,1999,37.435000,-98.318330
Bath,21000,1892,45.416670,-98.316670
Walters,28100,1946,34.333330,-98.300000
Naruna (b),513.30000000000000,1942,30.950000,-98.283330
Naruna (a),672.3,1935,30.950000,-98.266670
Calliham,40000,1958,28.416670,-98.250000
Hamilton (Texas),2700,1965,31.593330,-98.250000
Lost Creek,4018,1916,39.124170,-98.167780
Waconda,50000,1873,39.333330,-98.166670
Attica,5622,1996,37.250000,-98.133330
Landreth Draw,,1955,37.250000,-98.133330
Wimberley,7800,1976,29.966670,-98.116670
Lahoma,21800,1963,36.383330,-98.083330
Little River (b),11700,1965,38.440000,-98.066670
Sandy Creek,1330,1999,40.433330,-98.066670
Cavour,26210,1938,44.221494,-98.059192
Purmela,4500,1977,29.500000,-98.050000
Anthony,20000,1919,37.083330,-98.050000
Carlton,81200,1887,31.916670,-98.033330
Little River (a),4400,1967,38.383330,-98.016670
Guadaloupe County,20.5,1950,29.500000,-98.000000
Squaw Creek,14500,,32.000000,-98.000000
Travis County (b),5900,1889,30.555560,-97.952780
Kingfisher,8180,1950,35.833330,-97.933330
Niagara,115,1879,48.000000,-97.933330
Marlow,68000,1936,34.600000,-97.916670
La Villa,19800,1956,26.271670,-97.901670
Leander,760,1940,30.600000,-97.900000
Amber,4532,1934,35.166670,-97.883330
Kyle,7780,1965,29.975000,-97.866670
Iredell,1500,1898,31.966670,-97.866670
Sutton,7600,1964,40.600000,-97.866670
Kackley,1368,2006,39.716330,-97.854500
Somervell County,11800,1919,32.183330,-97.800000
Florence,3640,1922,30.833330,-97.766670
Argonia,84,1940,37.266670,-97.766670
Haven,6100,1950,37.964170,-97.755830
Cranfills Gap,6000,1940,31.750000,-97.750000
Lushton,6700,1914,40.749720,-97.749720
Glen Rose (iron),11000,1934,32.250000,-97.716670
Davy (b),3770,1981,29.008330,-97.705560
Cashion,5896.8,1936,35.847780,-97.703330
Travis County (a),175400,1889,30.300000,-97.700000
Hunter,74600,1962,36.560000,-97.666670
Inman,7250,1966,38.250000,-97.666670
Forestburg (a),26100,1957,33.506670,-97.651390
Caldwell,12900,1961,37.033330,-97.625000
Nordheim,15150,1932,28.866670,-97.616670
Davy (a),50600,1940,29.100000,-97.600000
Hebron,21820,1965,40.166670,-97.600000
Forestburg (b),26600,1957,33.495560,-97.588610
Crescent,78.400000000000000,1936,35.950000,-97.583330
Emery,16700,1962,43.563330,-97.583330
Anson,3900,1972,39.333330,-97.561670
Renfrow,81600,1986,36.986670,-97.555000
Mayfield,38400,1972,37.308330,-97.545000
Jonah,1304,1963,30.625000,-97.533330
Benedict,16380,1970,41.000000,-97.533330
Bartlett,8590,1938,30.833330,-97.500000
Hesston,12900,1951,38.116670,-97.433330
Cleburne,6800,1907,32.316670,-97.416670
Myersville,5397,1969,28.950000,-97.402780
El Paso de Aguila,17226,1977,25.370000,-97.370000
Elyria,10900,1971,38.280000,-97.365000
Bowesmont (b),1300,1972,48.783330,-97.350000
Blackwell,2381,1906,36.833330,-97.333330
Saginaw,44500,1979,32.865830,-97.323060
Temple,5000,1959,31.116670,-97.300000
Glasston,1990,1969,48.716670,-97.300000
Cuero,46500,1936,29.016670,-97.283330
Belle Plaine,78800,1950,37.316670,-97.250000
Wichita,2367,1971,37.591830,-97.214970
Springer,8143,1965,36.346110,-97.185000
Bowesmont,2270,1962,48.683330,-97.166670
Drayton,2350,1982,48.666670,-97.116670
Venus,1013,1960,32.400000,-97.083330
Rosebud,54900,1915,30.816670,-97.050000
Marion (Kansas),2890,1955,38.366670,-97.033330
Farmington,89400,1890,39.750000,-97.033330
Denton County,5400,1856,33.000000,-97.000000
Dexter,1724,1889,33.816670,-97.000000
Lake Murray,270000,1933,34.100000,-97.000000
Axtell,6200,1943,31.660000,-96.971670
Linwood,46000,1940,41.433330,-96.966670
Brainard,138300,1978,41.153330,-96.955000
Bluff (b),16000,1917,29.863060,-96.926670
Mayday,6900,1955,39.474440,-96.925000
Centerville,45.6,1956,43.200000,-96.916670
Cedar (Texas),26000,1900,29.828060,-96.908610
Mart,7140,1898,31.500000,-96.883330
Bluff (a),153300,1878,29.878610,-96.872220
Duncanville,17800,1961,32.633330,-96.866670
Wilmot,2000,1944,37.383330,-96.866670
Fisher,17600,1894,47.816670,-96.850000
Cushing,567,1932,35.966670,-96.766670
Leon,30000,1943,37.666670,-96.766670
Lancaster County,13000,1903,40.666670,-96.750000
McKinney,150000,1870,33.183330,-96.716670
Round Top (b),7166,1939,30.066670,-96.700000
Allen,1407,1923,33.100000,-96.700000
Euclid,2500,1970,47.958330,-96.700000
Tishomingo,260000,1965,34.250000,-96.683330
Round Top (a),9935,1934,30.058060,-96.651390
Howe,8630,1938,33.500000,-96.600000
Flandreau,21360,1983,44.048330,-96.591670
Dwight,4100,1940,38.850000,-96.583330
Eagle,10000,1947,40.781670,-96.471670
Bells,375,1961,33.600000,-96.466670
Keystone Lake,787,2003,36.284020,-96.437010
Kaufman,23000,1893,32.583330,-96.416670
Richland,50600,1951,31.900000,-96.400000
Alvord,17500,1976,43.322220,-96.288890
Kansas State University,301,2004,39.275560,-96.259440
Elm Creek,7000,1906,38.500000,-96.200000
Kennard,8200,1961,41.483330,-96.166670
Hardwick,7800,1937,43.800000,-96.166670
Atoka,1384.2,1945,34.316670,-96.150000
Plantersville,2085,1930,30.700000,-96.116670
Admire,180000,1881,38.700000,-96.100000
Seneca,1900,1936,39.833330,-96.066670
Lamont,38690,1940,38.077780,-96.026390
Miller (Kansas),970,1950,38.625000,-96.022780
Kendleton,6937,1939,29.450000,-96.000000
Kirbyville,97.7,1906,30.750000,-95.950000
Melvern Lake,7746,1950,38.525000,-95.780560
Mapleton,49000,1939,42.183330,-95.716670
Coffeyville,35900,2006,37.016670,-95.666670
Soper,3700,1938,34.033330,-95.583330
Milton,2040,2000,40.287500,-95.376670
Deport,15000,1926,33.516670,-95.300000
Deport (a),604,1944,33.516670,-95.300000
Garnett,4788,1938,38.266670,-95.250000
Ottawa,840,1896,38.600000,-95.216670
Lawrence,515,1928,38.966670,-95.166670
Lost City,17000,1970,36.008330,-95.150000
Tonganoxie,11800,1886,39.083330,-95.116670
Troup,1020,1917,32.166670,-95.100000
Red River,800000,1808,32.000000,-95.000000
De Kalb,566,1969,39.591670,-94.921940
Wathena,566,1939,39.816670,-94.916670
Faucett,100000,1966,39.616670,-94.866670
Estherville,320000,1879,43.416670,-94.833330
Turtle River,22390,1953,47.600000,-94.766670
Pleasanton,2300,1935,38.183330,-94.716670
Conception Junction,17000,2006,40.266667,-94.683333
Overland Park,1374,1998,38.966670,-94.666670
Kansas City (1903),36000,1903,39.100000,-94.633330
Harleton,8360,1961,32.675000,-94.511670
Hatfield,21,1941,34.483330,-94.450000
Independence,880,1917,39.083330,-94.400000
Butler,41000,1874,38.300000,-94.366670
Harrisonville,46500,1933,38.650000,-94.333330
Archie,5070,1932,38.500000,-94.300000
Fayetteville,2360,1934,36.050000,-94.166670
Arlington,8940,1894,44.600000,-94.100000
Western Arkansas,1750,1890,35.000000,-94.000000
Jenkins,55400,1946,36.824440,-93.761110
Forest City,152000,1890,43.250000,-93.666670
Hope,6800,1955,33.683330,-93.600000
Billings,24500,1903,37.066670,-93.550000
Delaware,8346,1972,35.283330,-93.500000
Cabin Creek,48500,1886,35.500000,-93.500000
Baxter,611,1916,36.750000,-93.500000
Anoka,1108,1961,45.200000,-93.433330
Mincy,89400,1857,36.550000,-93.100000
Seymour,25900,1940,37.237500,-92.786940
Atlanta,5500,1938,31.800000,-92.750000
Hammond,24000,1884,44.916670,-92.433330
Norfork,1050,1918,36.216670,-92.266670
Calico Rock,7275,1938,36.083330,-92.150000
Little Piney,491,1839,37.916670,-92.083330
Turtle Lake,89.3,1996,45.345830,-92.051670
Miller (Arkansas),16700,1930,35.400000,-92.050000
Homestead,230000,1875,41.800000,-91.866670
Lanton,13780,1932,36.533330,-91.800000
Sandtown,9350,1938,35.933330,-91.633330
Marion (Iowa),28400,1847,41.900000,-91.600000
Slovak,8220,1962,34.650000,-91.583330
Joe Wright Mountain,42600,1884,35.766670,-91.500000
Palmyra,135,1926,39.800000,-91.500000
Lone Tree,20676,1971,41.500000,-91.479170
Newport,5600,1923,35.600000,-91.266670
Vernon County,1500,1865,43.500000,-91.166670
Warrenton,1600,1877,38.683330,-91.150000
Greenwell Springs,664,1987,30.515280,-91.012220
Success,3500,1924,36.483330,-90.666670
Paragould,408000,1930,36.066670,-90.500000
St. Francois County,3600,1863,37.750000,-90.500000
Saint Augustine,22000,1974,40.716670,-90.416670
Mifflin,3584,2010,42.907500,-90.365560
Belmont,25300,1958,42.733330,-90.350000
St. Genevieve County,244500,1888,37.966670,-90.316670
Colby (Wisconsin),104000,1917,44.900000,-90.283330
St. Louis,1000,1950,38.700000,-90.233330
Elizabeth,732,,42.318000,-90.221000
Woodbine,48200,1953,42.346670,-90.167500
New Orleans,19256,2003,29.947180,-90.109760
Havana,,,40.333330,-90.050000
Perryville,17500,1906,37.733330,-89.850000
Toulon,1214.5,1962,41.116670,-89.808330
Palahatchie,,1910,32.316670,-89.716670
Tilden,74800,1927,38.200000,-89.683330
Kilbourn,772,1911,43.583330,-89.600000
Cape Girardeau,2300,1846,37.266670,-89.583330
Mount Morris (Wisconsin),676,1937,44.000000,-89.250000
Benld,1770.5,1938,39.083330,-89.150000
Pine River,3600,1931,44.216670,-89.100000
Bloomington,67.8,1938,40.480000,-89.004170
Oktibbeha County,156,1854,33.500000,-89.000000
Tupelo,280,2012,34.242160,-88.775940
Baldwyn,345,1922,34.500000,-88.666670
Marengo,68,1991,42.291110,-88.625560
Palmersville,9979,1908,36.466500,-88.602830
Oshkosh,144.80000000000000,1961,44.076940,-88.562780
Iron River,1420,1889,46.079440,-88.559720
Smithland,5000,1839,37.133330,-88.400000
Marshall County,6800,1860,37.000000,-88.250000
Angelica,14800,1916,44.250000,-88.250000
Tombigbee River,43000,1859,32.233330,-88.200000
Savannah,60000,1923,35.166670,-88.183330
Trenton,505000,1858,43.366670,-88.133330
Murray,12600,1950,36.600000,-88.100000
Guin,34500,1969,33.966670,-87.916670
Frankfort (stone),650,1868,34.483330,-87.833330
Park Forest,18000,2003,41.484720,-87.679170
Lime Creek,20000,1834,31.550000,-87.516670
Leighton,877,1907,34.583330,-87.500000
Algoma,4100,1887,44.650000,-87.466670
Mount Vernon,159000,1868,36.933330,-87.400000
Charlotte,4300,1835,36.166670,-87.333330
Felix,3200,1900,32.533330,-87.166670
Walker County,74800,1832,34.000000,-87.166670
Danville,2000,1868,34.400000,-87.066670
Selma,140600,1906,32.400000,-87.000000
Athens,265,1933,34.750000,-87.000000
Coopertown,16800,1860,36.433330,-87.000000
Lafayette (stone),800,1931,40.416670,-86.883330
La Porte,14540,1900,41.600000,-86.716670
Petersburg,1800,1855,35.300000,-86.633330
Hamlet,3710,1959,41.383330,-86.600000
Franklin,9062,1921,36.716670,-86.566670
Drake Creek,5000,1827,36.400000,-86.500000
Summit,1000,1890,34.200000,-86.483330
Murfreesboro,8600,1847,35.833330,-86.416670
Kokomo,1800,1862,40.483330,-86.366670
Plymouth,14000,1893,41.333330,-86.316670
Sylacauga,5560,1954,33.188360,-86.294500
Rochester,340,1876,41.083330,-86.283330
South Bend,2500,1893,41.650000,-86.216670
Grayton,11300,1983,30.311670,-86.166670
Scottsville,10000,1867,36.766670,-86.166670
Harrison County,680,1859,38.250000,-86.166670
Noblesville,483.7,1991,40.085280,-86.055000
Carver,94000,1935,32.000000,-86.000000
Carthage,127000,1840,36.266670,-85.983330
Hangman Crossing,1300,1976,38.919720,-85.947220
Glasgow,20400,1922,37.016670,-85.916670
Allegan,32000,1899,42.533330,-85.883330
Smithville,70500,1840,35.983330,-85.850000
Salt River,3600,1850,37.950000,-85.783330
Grand Rapids,51700,1883,42.966670,-85.766670
Louisville,1300,1977,38.250000,-85.750000
Chulafinnee,16220,1873,33.500000,-85.666670
Ider,140000,1957,34.683330,-85.650000
Edmonton (Kentucky),10200,1942,37.033330,-85.633330
Waverly,4400,1983,32.683330,-85.566670
Cookeville,2300,1913,36.166670,-85.516670
Reed City,20000,1895,43.866670,-85.516670
Auburn,3630,1867,32.633330,-85.500000
Jackson County,450,1846,36.416670,-85.500000
Nelson County,73030,1856,37.750000,-85.500000
Rush County,4300,1948,39.500000,-85.500000
Rushville,50,1866,39.616670,-85.450000
Holland's Store,12200,1887,34.366670,-85.433330
Campbellsville,15400,1929,37.366670,-85.366670
La Grange,50800,1860,38.400000,-85.366670
Cedartown,11300,1898,34.016670,-85.266670
Livingston (Tennessee),235,1937,36.416670,-85.250000
Providence,6804,1903,38.566670,-85.233330
Kalkaska,9399,1947,44.646940,-85.136670
Casey County,723,1877,37.250000,-85.000000
Dalton,53000,1879,34.800000,-84.983330
Eagle Station,36000,1880,38.616670,-84.966670
Crab Orchard,48500,1887,35.833330,-84.916670
Monticello,210,1982,36.950000,-84.900000
Frankfort (iron),10900,1866,38.200000,-84.833330
New Westville,4800,1941,39.800000,-84.816670
Paulding County,725,1901,34.000000,-84.800000
Cleveland,115000,1860,34.883330,-84.783330
Lumpkin,340,1869,32.033330,-84.766670
Walltown,1600,1956,37.325000,-84.716670
Kenton County,194000,1889,38.816670,-84.600000
Fairfield,1600,1974,39.333330,-84.600000
Harriman (Of),30000,1947,35.950000,-84.566670
Harriman (Om),13000,1938,35.950000,-84.566670
Coleman,469,1994,43.761110,-84.507780
Losttown,3000,1868,34.250000,-84.500000
Pickens County,400,1908,34.500000,-84.500000
Cincinnati,1500,1870,39.116670,-84.500000
Canton,7030,1894,34.200000,-84.483330
Cumberland Falls,17000,1919,36.833330,-84.350000
Kossuth,5900,1975,40.666670,-84.350000
Cynthiana,6000,1877,38.400000,-84.250000
Persimmon Creek,5000,1893,35.050000,-84.233330
Clinton,7700,1950,36.083330,-84.200000
Seneca Township,11500,1923,41.783330,-84.183330
Clark County,11300,1937,38.000000,-84.166670
Dayton,26300,1892,39.750000,-84.166670
Locust Grove,10000,1857,33.333330,-84.100000
Maryville,1443,1983,35.800000,-84.100000
Murphy,7700,1899,35.100000,-84.033330
Union County,6800,1853,34.750000,-84.000000
Forsyth,16300,1829,33.016670,-83.966670
Enon,763,1883,39.866670,-83.950000
Rose City,10600,1921,44.516670,-83.950000
Pricetown,900,1893,39.116670,-83.850000
Waldron Ridge,13600,1887,36.633330,-83.833330
Tazewell,27000,1853,36.433330,-83.750000
Bath Furnace,86000,1902,38.250000,-83.750000
Social Circle,99300,1927,33.700000,-83.700000
Worden,1551,1997,42.384670,-83.611500
Pitts,3760,1921,31.950000,-83.516670
Morristown,16300,1887,36.200000,-83.383330
Putnam County,32700,1839,33.250000,-83.250000
Cosby's Creek,960000,1837,35.783330,-83.250000
Smithonia,69900,1940,34.000000,-83.166670
Rich Mountain,668,1903,35.033330,-83.033330
Jay Bird Springs,292,2003,32.133333,-82.983333
Babb's Mill (Blake's Iron),136000,1876,36.300000,-82.883330
Babb's Mill (Troost's Iron),6400,1842,36.300000,-82.883330
Gahanna,1201,1950,40.016670,-82.866670
Powellsville,4310,1990,38.666670,-82.783330
Duel Hill (1854),21800,1854,35.850000,-82.700000
Duel Hill (1873),11300,1873,35.850000,-82.700000
Norristown,4200,1965,32.516670,-82.550000
Asheville,800,1839,35.583330,-82.533330
Thomson,218,1888,33.466670,-82.483330
Bald Mountain,3700,1929,35.966670,-82.483330
Jonesboro,30,1891,36.300000,-82.466670
Dungannon,13000,1922,36.850000,-82.450000
Jenny's Creek,12000,1883,37.900000,-82.383330
Tarlton,226.5,1967,39.320000,-82.370000
Black Mountain,800,1839,35.583330,-82.350000
Enigma,94,1967,31.333330,-82.316670
Dresden (Ontario),47700,1939,42.520000,-82.260000
Burnwell,1504,1990,37.621940,-82.237220
Wood's Mountain,3867,1918,35.683330,-82.183330
Bristol,20000,1937,36.566670,-82.183330
Laurens County,2150,1857,34.500000,-82.033330
Twin City,5130,1955,32.583330,-82.016670
Keen Mountain,6690,1950,37.216670,-82.000000
Wooster,22700,1858,40.766670,-81.950000
Statesboro,2158.2600000000000,2000,32.437500,-81.916670
Linville,442,1882,35.866670,-81.916670
Cherokee Springs,8400,1933,35.033330,-81.883330
Millen,40800,1975,32.835280,-81.873890
Claxton,1455,1984,32.102500,-81.872780
Bridgewater,13600,1890,35.716670,-81.866670
Sardis,800000,1940,32.948890,-81.865000
New Concord,230000,1860,40.000000,-81.766670
Bonita Springs,41800,1938,26.266670,-81.750000
Colfax,2300,1880,35.300000,-81.733330
Eustis,502,1918,28.833330,-81.683330
Hendersonville,6000,1901,35.316670,-81.466670
Ferguson,220,1889,36.100000,-81.416670
Ruff's Mountain,53070,1844,34.300000,-81.400000
Southampton,3580,2001,44.506420,-81.372170
Orlando,180,2004,28.547500,-81.362220
Lexington County,4760,1880,34.000000,-81.250000
Alexander County,192,1875,35.750000,-81.250000
Chesterville,16500,1849,34.700000,-81.200000
Okechobee,1000,1916,26.683330,-80.800000
Cranberry Plains,90,1852,37.233330,-80.733330
Monroe,8600,1849,35.250000,-80.500000
Indian Valley,14100,1887,36.933330,-80.500000
Kitchener,202.6,1998,43.383330,-80.383330
Greenbrier County,5000,1880,37.833330,-80.316670
Bishopville,6000,1843,34.166670,-80.283330
Lick Creek,1240,1879,35.666670,-80.250000
Forsyth County,22700,1891,36.100000,-80.200000
Shelburne,18600,1904,44.050000,-80.166670
Hagersville,30000,1999,42.966670,-80.150000
Bradford Woods,762,1886,40.500000,-80.083330
Osseo,46300,1931,47.633330,-80.083330
Smith's Mountain,5000,1863,36.416670,-80.000000
Pittsburg,600,1850,40.433330,-80.000000
De Cewsville,340,1887,43.000000,-80.000000
Uwharrie,72700,1930,35.516670,-79.966670
Midland,34,1960,44.750000,-79.883330
Manitouwabing,39000,1962,45.440000,-79.875560
Mayodan,15400,1920,36.383330,-79.866670
Guilford County,1100,1822,35.566670,-79.833330
Hopper,1800,1889,36.550000,-79.783330
Deep Springs,11500,1846,36.500000,-79.750000
Botetourt County,500,1850,37.500000,-79.750000
Chicora,303,1938,40.933330,-79.733330
Grimsby,215,2009,43.200000,-79.616670
Moore County,1880,1913,35.416670,-79.383330
Caswell County,1360,1810,36.500000,-79.250000
Welland,8200,1888,43.016670,-79.216670
Landes,69800,1930,38.900000,-79.183330
Lonaconing,1400,1888,39.416670,-79.150000
Augusta County,76000,1858,38.166670,-79.083330
Wood Lake,350,2003,45.000000,-79.066670
Staunton,43500,1869,38.216670,-79.050000
New Baltimore,20000,1922,40.000000,-78.850000
Cambria,16300,1818,43.200000,-78.800000
Cross Roads,167,1892,35.633330,-78.133330
Forksville,6067,1924,36.783330,-78.083330
Black Moshannan Park,705,1941,40.916670,-78.083330
Castalia,7300,1874,36.083330,-78.066670
South Byron,6000,1915,43.033330,-78.033330
Nashville (iron),18000,1934,35.966670,-77.966670
Mount Morris (New York),12.5,1897,42.700000,-77.883330
Thurlow,5500,1888,44.750000,-77.583330
Farmville,56000,1934,35.550000,-77.533330
Richmond,1800,1828,37.466670,-77.500000
Madoc,168000,1854,44.500000,-77.466670
Emmitsburg,450,1854,39.716670,-77.300000
Mount Joy,384000,1887,39.783330,-77.216670
Lorton,329.7,2010,38.700660,-77.211630
Nanjemoy,7500,1825,38.416670,-77.166670
Bald Eagle,3200,1891,41.283330,-77.050000
Blithfield,1830,1910,45.500000,-77.000000
Seneca Falls,4000,1850,42.916670,-76.783330
Sharps,1265,1921,37.833330,-76.700000
Shrewsbury,12000,1907,39.766670,-76.666670
St. Mary's County,24.3,1919,38.166670,-76.383330
Norfolk,23000,1907,36.900000,-76.300000
Burlington,68000,1819,42.750000,-75.183330
Lasher Creek,639.5,1948,42.833330,-74.500000
Deal,28,1829,40.250000,-74.000000
Schenectady,283.3,1968,42.860830,-73.950280
Peekskill,12570,1992,41.283330,-73.916670
Lac Dodon,800,1993,45.950000,-73.916670
Bethlehem,13.9,1859,42.533330,-73.833330
Yorktown (New York),250,1869,41.283330,-73.816670
Tomhannock Creek,1500,1863,42.883330,-73.600000
Weston,150000,1807,41.266667,-73.266667
Stratford,50,1974,41.200000,-73.133330
St-Robert,25400,1994,45.968610,-72.978060
Wethersfield (1982),2756,1982,41.710560,-72.673610
Wethersfield (1971),350,1971,41.700000,-72.650000
Northampton,353,1963,42.316670,-72.633330
Chambord,6600,1904,48.450000,-72.066670
Andover,3200,1898,44.616670,-70.750000
Walnut Hill,220,1978,43.827000,-70.247170
Nobleborough,2300,1823,44.083330,-69.483330
Searsmont,5400,1871,44.366670,-69.200000
Castine,94,1848,44.383330,-68.750000
Benton,2840,1949,45.950000,-67.550000